,conversation,url
0,"I'm not sure what to say other than that I'm intrigued by your aspiration to become a dilf. Tell me a joke, your best one Wanna hear a joke about paper?? It's probably gonna be tearab|e You're just too good I'm witty and relatable Quote of the day What did the zero say to the eight? I'm not sure what to say other than that I'm intrigued by your aspiration to become a dilf. Sent",https://i.redd.it/eb04wo255cdz.jpg
1,". . . 9 What IS your favourite dinosaur. , Did i ruin your joke? No, ijust wanted to know what the triSARAHtops your favourite dinosaur was , Did i ruin your joke? No, ijust wanted to know what your favourite dinosaur was Ah i'm so sorry, at least now you know I mean triceratops aint even that Ah i'm so sorry, at least now you cool know ’ okay what's your favourite I mean triceratops aint even that A triSARAHtopless ~ cool Sent | okay what's um 1r favm Irrite",https://i.redd.it/jntms1uun6vz.jpg
2,"so when a guy breaks up with you do you tell him ""too bad, you‘ll never find someone like me-a-ghan""? because if not you should That's the best use of my name I've ever heard. Ever. Why the heck didn't I come up 'ﬁ with that idk. i guess that's why you're gonna wanna keep me around... because you're never gonna find someone like me—a-ghan Sent",https://i.redd.it/b2twany6a5dz.jpg
3,"Tell your dog that he's a good boy for me please I would so do that if she was a boy but she's a gir! Erin -""- Oh shit Can I start over? Yes go for it Erin Tell your dog that she only deserves 70% ofthe love a male dog earns",https://i.redd.it/73jw6r7w9rez.png
4,"< 6 Sam .0. 4 JUN 2017,921pm 5 Jun 20'17,71.200m Now I feel like my wink was underwhelming 6 JUN 2017, 6 38 pm & Hahahah can't beat Rihanna 7 Jun 2017, 1135 pm Tell that to Chris Brown Sent GIF",https://i.redd.it/aqk9xfo1882z.jpg
5,"4 wnastpp < I n my ""0UMMTC—(FE‘V‘JWH.ASMWFJhﬂ’i m v S ‘kmda pm '10 y Nothing much now since your 8 mum retired 4) ﬂ",https://i.imgur.com/1UuNaRv.jpg
6,Hey there how would you like some bad pick up lines Yes Hit me with em Are you a loan cause you're gaining my interest Lo||||| Killed it My turn? Oh yeah let's hear it Are you a banker because leave me a loan — Type a Message...,https://i.imgur.com/dZ2vx2q.png
7,"I would love to play with your ‘ sword Mar 3, 2017, 01:42 . So sorry, that was my friend 8 Mar 3, 2017,19:o1 Well then excuse me but I think your friend and l were talking Sent",https://i.redd.it/zqy95tu26hxy.jpg
8,"Oh gosh. Does this mean I have start carrying a bookmark if I don't want to lose you? ‘ Wow FUNNY Oh man you probably get that a lot don't you No actually I’ve never heard that c Dang well I've noticed that most pages have numbers, but I didn't happen to catch yours Sent holy shit ‘ ’7' .you deserved that",https://i.imgur.com/MK6hwba.jpg
9,Viterbo University 2 Common Interests,https://i.redd.it/lkda6l78wepz.jpg
10,.zﬁ Hey there :) So tell me about yourself! You have three messages to seriously catch my interest 2) (this is how I weed out all the boring melons on ﬂ tinder Iol),https://i.redd.it/dsv4y5wpk7oy.jpg
11,"8 Michelle I went to the beach and found some cool stuff on the shore, so i picked it up to bring it home. When I got home, one of the items was missing. I lost Michelle. ‘ Thats fuckingretarded GIF Michelle Aww fuck there goes my opener I really think you should give these puns a chance because I used to be shy but these puns got me out of Michelle",http://i.imgur.com/tvOjUyG.png
12,@- Oh just the daily struggle of pretending to know what I'm doing. You? @- @- Oh nice. How long till you graduate @- Oh wow you're almost done then. Excited to get into the real world? g Not really no What's your major? Are you always a brick wall to talk to? Aa,https://i.redd.it/c3djmvfs8msz.jpg
13,"My favorite Pokémon is Tangela because it's like an Angela that you catch on Tinder . I want :0 hate, this but I lust can't I couldn't really pass up the opportunity haha Actually my favorite is beedrill Because ima beedrillin you all night Sent Type a Message... ?;L‘rlcl",https://i.redd.it/dwenk4dkwnkz.jpg
14,"ﬂ Hayley Hayley Hayley Cheesy pick up line or character defining question? Tell me what books you've read more than once, be- cause you look like someone that likes to keep going after the first time you've finished",https://i.redd.it/x089t8ggl06z.jpg
15,e a Ariel Wot & The password for wot 00000 Your my fav type of peanutbutter & Smoooooottthhhh,https://i.redd.it/oofikcc8hgqz.png
16,"| recommend you delete that first pic. ’ Its cery serious. Scared the shit out of me Today 02 06 You should take the L out your name, it fits your personality better. Sent",https://i.redd.it/9sl32d316bqz.jpg
17,[I31] Student 9 Mummedia University Cybeqaya @ 8 mHes away I‘m dying to meet you. W'ﬂem cam ICU?,https://i.redd.it/fwxejxkptraz.jpg
18,"My body has 206 bones. Want to give me another a one? 2 Jun 2017,1z04 am If you're referring to my penis it's not a bone but a muscle And the only muscle I‘m willingitro give you is my heart 6 Wow that's cute Cool let's Fuck Cool! Let's do it. Where are % you from Type a Message“.",https://i.redd.it/8g335l7uy11z.jpg
19,"If you'll be my Kendall Jenner, I'll be your Caitlin wtf does this mean We really been trying to unpack it . and i can't You‘re going to call me daddy, but it'll feel wrong saying it Sent wait i'm honestly speechless that was . incredible Type a Message.“",https://i.redd.it/7kc8kin9osgz.jpg
20,Ive never had anyone care that much Thank you very much. You dont know how much that means to me,https://i.imgur.com/24RNbJ6.jpg
21,Sure do,https://i.redd.it/s3yncs89ts8z.jpg
22,"@ ® I' Aiux So of you found a suitcase full of money, turned it over to the police, and they only let you keep the same amount as your phone number, how much money would you have? Well assuming I have to pay income tax on that, $5486138718.29",https://i.redd.it/6aalyywf6btz.jpg
23,"\'/ a TWITTER now Hey what you up to? Nmu Playing with my dick Gd 2 know No nothing weird like that, my younger brother's name is Dick° Really Yeah, I was just wanking him off. Sent What m >",https://i.redd.it/3yd2jrnhudsz.jpg
24,Q g g ‘ Sup cutie Just got in bed. You? Cool I'll be over with my trusty ol' murdering axe right away,https://i.imgur.com/L5rrRY3.jpg
25,"That‘s my best pickup lime ' I don't get it Madeline It's ajoke Like it's my best pickup line But a lime I guess I understand Not very good Sorry Madeline No you're right it's not very good, Madelime But not really Madeline ‘ Well shit you tell me a joke then I have no jokes My sense of humour is so dry Madeline 9 That's too bad My sense of humour is very juicy Like a lime I'm sorry for you because you caught me maybe at the worst possible mood ever Madeline 3 ‘ Did you just take a big bite out of a lime or something Cause that would make anyone sour I wish that was the problem Madeline What happened? I have been waiting at coat check for my jacket for 40 minutes and sorry for my language these cunts won't give girls theirjackets Madeline Tell them to go suck a lemon I would but they are some black men And I would rather keep those thoughts to nysekf Myself wow Madeline _ * * Wow didn't know the forecast was so racial Pretend we never had that conversation I was being irrational Classic woman Madeline' ‘ , ' I can't pretend we didn't have this conversation there's too many lime puns Stop with the lime puns please Madeline ’ If you think I'm done with the lime puns you're so wrong I'm gonna take all my puns, lime them up and pick the best ones ' l Madeline Pick them right off the tree While you're slightly behind Madeline Behind what? . Quit while you're ahead Opposite of that Madeline Why do I have a chance here? Cause that would be sublime .- Bye Madeline OK OK I'm done now Sure? Madeline Yup 100% Madeline Yeah I'm sorry. I wasjust really trying impress you by being in the limelight Was very nice chatting, this is likely the last you'll hear of me Madeline Lime",http://i.imgur.com/SHKe3tL.jpg
26,"9 Am“; :1: H H 1' :h :4 9 Hey the password is 1784554 What, for the wifi password at your place when I stay the night? I too read Reddit God fucking damnit 0%",https://i.redd.it/r5f6euw4wiqz.jpg
27,"[ﬂ] Stand Up Comedian by day at Pirate by night *9 UCCS ® 9 miles away Disclaimer: I dont have legs, but dont worry— I'm taking it in stride. Just roll with it okay? My life was a trainwreck (literally hit by a fucking train), here's some awesome benefits from it: ”I never run away from you Front row parking Technically I can still doggy paddle, I even have sexy land roving bionic legs I have similar functionalities to a vacuum, easily portable~ I come on wheels and I suck Its not uncomfortable for my feet to be above my head Face: 10/10 Body: 8/10 Legs: .5/2 X*.",https://i.redd.it/s542t4ztlojz.png
28,"1 Do you eat ass? I I Today '3 ‘5‘ 0M Were u raised in a barn? You 5 disgusting pig Well that completely ruined the pick up line yikes 5 It wasn't a good one Well you never heard the end of it E Ok I'm waiting Iol Cause I do. Number? Hahahaha I'm sorry I was sassy. x."" I .@",https://i.redd.it/6epcc2mhxfvz.jpg
29,Your enthusiasm to take me is adorable but you're most likely sixteen and don't know what you're doing.,https://i.redd.it/vsqe8pio51nz.jpg
30,a red one % hm good enough I like the red ones Sent,https://i.imgur.com/7Y1BIzM.jpg
31,"if you were a vegetable, you'd be a cutecumber C If I was a vegetable I'd ask you to pull the plug and end my misery Sent ﬂ omg",https://i.redd.it/fcydbsgsldmz.jpg
32,< “3») r If you were a fruit you’d be a fuckin fineapple Today 09:15 450) Oh damn a fuckin fineapple Today 09248 Ya no doubt What's your bad pickup |ine?? Today 10:30 9G») You like bacon and pancakes right? Yes! Why? Wanna strip? And after that how about IHOP on that dick “3») 9 @ Today 12:29,https://i.redd.it/fmvipk9gs0tz.jpg
33,"Wéil, HELLO! there, gnrgmusH got a question for ya... how many lettara in‘tha ”alphabet? It‘s: 20... . righf?’ 26 Let me guess You forgot u r a qt BUT WAIT That's only 5 C‘mon Alex, this ain't mama's You also forgot to give me the D first rodeo Sent a Type a Message... Send",https://i.redd.it/e744fotgop5z.jpg
34,"Patience, 19 @- © 118 miles away Are you of mediocre stature? Are the sad owner of a micro penis? Have unhealthy amounts of emotional baggage you need help unpacking? Or are you just desperate? If you answered ""eh"" to any of those questions, then I'm your gal. |'|| cuddle your daddy issues away, massage you out of a Viagra prescription, and love you like your parents never did and probably never will. Send nudes for approval since you look like you need it.",https://i.redd.it/0biilkkqlvpz.jpg
35,Hey there Delilah No: Ight bye Srry I hate thati” Sorry I love it E N 3’ .0 Can I ask you a question? Ga far it What's it like in New York City? Sent Type a Message... Send,https://i.redd.it/ghdrm1fdtevy.jpg
36,"021] Branch Manager 9 University of South Florida State College of Florida 0- .. ..'- Am i doing this right? My passions are shopping, wine and being gorgeous \ ‘. If you're not 6’5 don‘t talk to me. I won't message you first. Not looking for hookups. No facial hair. Idk why tinder says I'm 30,1'mreally 48. Music is my life IN. Don't ask me on a date ifyou're broke ‘ BIB. If you can't handle me at my worst you don't deserve me at my best. Sushi and pumpkin spiced lattes v No butt stuff on the first date. It's hard being a single mom, or so I'm told. I don"" hm ’Fa [Ark EDIT INFO",http://i.imgur.com/KrEL2D6.jpg
37,"’I‘ i 3 III 5. Tell me your five year plan GO Uni for three more years Go and work with people with learning disorders Get a dog Ellie Awesome, I work with retards too but not on purpose GIF",https://i.redd.it/f0f9ckslszez.png
38,"l» k Katerina 7 You ever get clever wordplay w your name? Sometimes ..... whatcha got Ehh I don't have anything good What do you think of Michael Vick tho Who’s Michael vick Sorry The football guy who was busted for dog fighting ring years back He can go suck a fat peen tbh Who the fuck abuses dogs Yeah exactly my thoughts What if it had been a cat fighting thing tho Cats wouldn’t put up with that shit they would just go to bed But like don’t abuse animals 1.! Yeah yeah fair enough, but I guess they could name their ring the Katarina right? Is this your way of figuring out if I’m a dog or cat person because it’s an interesting approach Oh My Fucking God Was this a set up from the start - Stitch it!",https://i.imgur.com/m2ovSO3.jpg
39,Holy fuck your name looks like it would be worth a lot of points in scrabble. I don't play much scrabble but I'll take that as a compliment Q I had to look it up. Your name is worth 30 points! Mine name is only worth 6. If my math checks out Tanner should go into Jacquelyn 5 times. Sent HAHAHA Gas Ok I'm not gonna lie that one was smooth as hell GIF Type a Message...,https://i.redd.it/kt4zjn0ww0lz.jpg
40,Q Daniel you are so alpha male 4:» what makes you say that? You just look like a man who takes charge Q And takes what he wants That would explain why I have all these pens from the bank. Sent Type a Message...,http://i.imgur.com/xoV1Yy3.png
41,"YOU lxiﬁiClrlED \ﬁl’ii l"" ALLlSOi-l OH ’J'l7ﬁl / Girl if I could rearrange the alphabet l'd probably do so a few times a month, thus forcing all who use the alphabet to constantly have to relearn the order, constantly adapt to the new and ever-changing structure of letters in which they so heavily rely. This will teach children from a very young age to never put their trust in permanence. Nothing is permanent. All is temporary; Life is meaningless. Existence is coincidental. Entropy and death are unavoidable. Nothing is beyond the void. Yep. I already regret this.",https://i.redd.it/r2iqtj62yunz.jpg
42,What‘s the craziest thing you've ever seen at the ER last week I had a guy with an . entire hot dog stuck in his throat You ever wonder what that would Sent GIF Type a Message...,https://i.redd.it/v1kpv6cczy9z.jpg
43,4 hours ago ‘ Make the first move Knight to F3 Delivered Your message Aaﬂ.,https://i.redd.it/ypn1mqp3lfwz.jpg
44,You're looking for a bad boy huh? . Yeah I am C you think it could be you? Oh yeah‘ ° I’m bad at everything. Sent,https://i.redd.it/zm1acbfix3sz.jpg
45,If they gave me 5C for every time | matched with someone as pretty as you I'd have 3 Nicole Sent Holy shit You did it a You won tinder GIF Type a Message”.,http://i.imgur.com/midWObU.png
46,"Do you n Wendy 5 ﬂ Helll yeah So you‘ll love whendeez nuts are mmng your chm 1% Go away,lol Okay ahaha sorry my bed can I ask abou! your musncal tastes ”w Your fine. I like country and pop Pop’ Do you luke Imagine Dragons” & Yeah Imagine Draggln deez nuks across your tace",https://i.redd.it/v4itskl1zxmz.jpg
47,",22 © 4 miles away I‘m 5‘10""so | ertaH guys Psycho‘ogy major Book enthusiast C ‘th th‘ B‘ack and proud but I don‘t discriminate ome Up W' some mg Come up with something origina‘ to say . original to say because hey because ""hey"" and ""what‘s up"" gets rea‘ o‘d and what's up gets old real rea‘ fast. fast",https://i.redd.it/wd41qbg0mobz.png
48,is your gay best friend or brother 23 min ago Hes my husband of 10 years Krissie 10 min ago You know what they say a What do they say Krissie 6 min ago 9 min ago Time for a divorce 3 min ago Send a message...,https://i.redd.it/r1k02e5q4rdz.jpg
49,I think we're going to run out of apps to match on soon I haven't seen you on grinder yet @ QWERTYUIOP ASDFGHJKL {ZXCVBNMQJ 123 ® @ space return,https://i.redd.it/85sklzqdupnz.jpg
50,"Sassy enough? As long as you keep it up, I can't have you starting strong and going limp on me. Sass is a two way street my friend. You've got to give it to receive it Listen young grasshopper, I may be new to a couple of things like skinny jeans and pumpkin spice lattes, but I've got more sass than a level 20 charizard I may be young and a grasshopper but at least I know that charmeleon doesn't evolve into charizard until level 36 I'll take that pumpkin spice latte now please Dellvered Your message Aaﬂl",https://i.redd.it/0xl7eglclglz.jpg
51,@Casuanys How do you lower the difficulty settings on tinder?,https://i.redd.it/43r70omz667z.jpg
52,"‘ I’m broke | 1 I'm sorry? Does this ever work? ‘ No:( I'm sorry Can you give me my first ‘ Please 0‘ Can you Venmo me honey Ok, I'm sending it right now‘ If it doesn't show up right away, just keep waiting",https://i.redd.it/i8vhf2hgm0xz.jpg
53,Nicole YOU SUPER LIKED NICOLE ON 9/21/17 If I had a Nicole for everytime I matched with a girl as pretty as you I would have 5 cents Lol you're the the 4th person to use a that oneg Fuck hang on lemme try again If you had a Nicole for everytime a guy used this line on you You'd have 20 cents O 3 LO Q | :3 Nailed it Sent,https://i.redd.it/8h0vukrw49nz.jpg
54,"Wow! I never saw you coming and I'll never be the same. _ You're got the best smile on i Tinder. I bet you use Crest. ,. .. No, you are the camera because “ every time I look at you, I smile.",https://i.redd.it/6vhcys53ukvz.jpg
55,"Fuck me if I'm wrong, but isn't you name Meghan? Jun 8 2017, 0711-2 No... ’ Apparentlyl have a look alike? lguess l was wrong ;) Jun 8, 2017! 09:59 Let me know when you get it JLIH 8 20W? 13:57 Ohhh I didn't realize that's what you ’ were trying to get at haha nice one . JL3‘19,2017,23Z35 ’ So when and where 6 Your place Monday 11:38pm Or how around right now ’ My roommate won't be back till 1",https://i.redd.it/bijlsndiil6z.jpg
56,"( I Mmen I 0 vcu MATCHED ww wnnEN 0N gnaw Hm w. evw “Armed w J mm m «.m w mu mm :vuyvmk"" Now that is a deep conversation I starterea 'eIF Iur me :1: MA mmm h . mm I To jump off a bridge? Just wanted to check your okay? Vour responses were just a little I concerning Mar 7; 2m 1106 m it's been a couple of days, can you please tell me you never I iumped of a bridge!!! 0 W a",https://i.redd.it/8hgfiu5sgu5z.png
57,"[DJ ’9 ® 3942 mi‘es away Brunch eater extraordlnalre, chess enthusi- ast, world's okayest sit down comedwan, Let's do sushi and catch a show at \O‘ Exrboyfricnds glvc Emma a rating! A‘cxcw says' ""Em IS awosomc‘ \‘m not rcaHy sure why WC broke up, \ guess She rmgm be more attractwc If she spoke more Russian?"" Scott says ""I‘m mamcd, leave me a‘onc "" Griff gays' “\‘m not wrmng a under review for you, are you senous?"" 1 Interest",http://i.imgur.com/0EFvN4S.png
58,Haha yeah my name's Megan summer is my nickname :-,https://i.redd.it/1jf1w7b2kr6z.jpg
59,nil] Black Mesa Research Facility @ 6 kilometres away To the girls over 30: I‘m an anaesthesiologist looking to start a family‘ To the girls under 30: I'm hung and breed Iabrador pups. *.,https://i.redd.it/esr66h6x7arz.jpg
60,"”t 1‘} Do you not have any friends? I have a dog... And a cat... Both who are terrible drivers“. 1‘} So naturally you turn to tinder. Fart yeah, where else are you supposed to go for quality friendship. I've tried the bars That place is hella scary. And you have thumbs which is a huge plus when gripping the steering wheel. 1‘] Please tell me you're joking Oh shit, do you not have thumbs. I’m so sorry, I wouldn't have made the joke if I knew.., Sent",https://i.redd.it/plfurvat1qsy.jpg
61,"Mee! Josh and Mlthellev They matched on mm slnce 2014 bur mu nevu met. And both ahhem kinda busy whkh toakthem 1 months m reply. ( ‘ Michelle 0"" vou mmHEo wu H MrCHEL L E or m, 1‘ (>4 w NW .78 . ‘ Hey sorry my phone died! Nm 79 2mm \40 w an mu mum (ml pry"" n unude‘ hwy). me at nwnms m hnd my charger Huv 79 JUN mm pm Yeah I just wanted to make sure it was fully charged, 0 to 100 real slow. m m zms m new mm ‘3‘ 231:. v: 252w. Hey just saw this message, sorry I was in class May IE‘ 2015‘ 4 Av m 4H HPHH l Ha mm]? MmHMe rm MW, ,wr ‘ 1! Wu, Llugm up mh ﬁnal: Doc 20 _ so w Hi I really do apologize for just now getting back to you, I've just had a really busy week Mn 1mm mnm NEH”. -. m mm rm mm: unvhpum aw .uwm] up md u : |u L en 1mm ham m Lam: up WVH‘ w an FM) 2220171153 AN Hey Josh, just wanted to get back to you reaIly quickly! Presidems' Day had me swamped recently, you know how it gets!! . mm a m -n,<;1q»= Josh seriouslywanna met Mime"": hm she dank wanna breakthejoke ‘ WWW.“ _ WWW...“ mmmmwmd‘nm ‘ Muuyhsym MMWWW ‘ WWW“ m — Mmmnmmamm m‘nmmmx Josh Avsec 1 Follow «Wasrﬂi Hahahaha one day I'm going to meet this girl and It's 90an to be eplc. Look at the dates of our tlnder texts. 0 £111,254 (941,252 Michelle Arendas y Follow ammm Mm‘qum am a, sorry I'd reply but I need to give it a few months ! 0 11551 O 5439 Suddanly Tlnder Jump inlo ""mil conversarlon because who (he hell gonna wait another 2 nmth Tlnder ‘5 I Fullnw immm It's tlme you got together IRL‘ You have 24 hrs to decide the city yuu want to have your ﬁrst date in and WE” send you there! @mchArnd tw1tter.com/Wes_D3/slatu5/w 0 111032 03429 ( ﬁnder O m @deer Hi Josh, thanks for swiping right! Let's get you and Michelle to Maui. What‘s your email 0 address? :2 37 m v2 41 m TInder 3 1 Follow Aloha! We‘re sending you to Maul but you can't take two years to pack your bags! m 0 L1 722 04373 Luclkest man on [he planet :) lash Avsec I Fallow Wow. This Is single handedly the coolest thlng twitter has ever done for me, Be sure to check your DMs sometime a( (he end of August. 0 11241 (71412",https://i.redd.it/fns8iqjfe79z.jpg
62,% hey u like to smoke “U: I % tryin to smoke one day Everyday %— wanna do it tommorow Weed kills so does my pussy guess u don't want ﬁ that either Lol wait are you not a robot Sent g 39 the fuck i look like wall e GIF,https://i.redd.it/8xpr8xfe51rz.jpg
63,"1; I‘m gay, I have aids and I'm new in town f. The Thanks QWERTYUIOP ASDFGHJKL fZXCVBNM. 123®©",https://i.redd.it/141uvzogqajz.jpg
64,Looks like I turned to the right . Paige Oh you absolutely have Although unfortunately I‘ve heard that pun Emilion times Sem There's no fucking way you just . did that. GIF Type a Message...,https://i.redd.it/5gbj1d57hw7z.jpg
65,< 0. Hey. You work for NASA! So cool. Iguess you already knew all about that big announcement they made today? .0. I honestly don't know what the announcement was. I was at the lakehouse so I didn't have service and they don't even tell us anything ahead of time haha It's actually really neat. They announced that there are only going to be 7 planets in our solar system after I destroy Uranus. . Oh my god Aa,https://i.redd.it/oiqcet5f4g7z.jpg
66,"6 E“ Charline a Pay for sex? 1‘ G Charline Yeah, you can pay for sex. 60€/h. a A F Charline Oh, sorry. I charge 60€/h. How much do you charge? ‘1!- Charline Ok then you pay only 10€. GIF",https://i.redd.it/qhdqqh9a7g6z.png
67,"(— @ Andrea 0""",https://i.redd.it/dnor85yhxvsz.jpg
68,Do you know what happens after I say your name eight times? . No? BATMAN! Too bad this could have . Wham? been true love Sent GIF Type a Message... Send,http://i.imgur.com/Um0rjRu.jpg
69,"Q 1_> 2 Alex Idk probably browsing reddit for porn and pickup lines You'm goddamn right Alex :’ - ,",https://i.redd.it/72ud4tbuv1qy.jpg
70,"< "" Ruby 0"" ahh sending in obi wan to start @ the conversation, i like it You're the obi-wan for me holy shit that was smooooth dude real question is do you like 0 star wars? Star what? Sent Type a Message.",https://i.redd.it/glky0j3j0z6z.jpg
71,"Hi Stacy! I am also a human, we have so much in common do you also smoke the devils ” lettuce? No I am a child of Christ Sent w you passed the test GIF Type a Message...",https://i.redd.it/lv220b4x1daz.jpg
72,"< . Maranatha P YOU SUPER LIKED MARANATHA ON 8/2/17 I've run a few maranathans myself.... Aug 2, 2017,15237 That's a good one G Aug 2, 2017,19201 Can I put this on Reddit Be my guest that's probably the best play on my name I've heard! Awesome I'll let you know if it goes viral Nice I've always wanted to be internet famous ‘ You could always be a pornstar Sent GIF Type a Message...",http://i.imgur.com/XzJaDFq.jpg
73,"mu MMCHED WHH LEANNA 0N 3/19/10 . Hey how are you? (mun, rum. an— Wu rlmnq' . Good thanks and you? Mm w Ema 7 m m . Good thanks SE!“",https://i.redd.it/n4k1fvpr3tqz.jpg
74,"Hey. How you doing ? I'm doing alright, how are @ you? Pretty good‘ Horse riding is a dope hobby how long have the been riding ? i'm an equestrian athlete, since I was 5years old. Please dont disrespect me, horseback riding is not what I do. Like you said it's a hobby, equestrian is the s Damn :‘ mv bad.|didn't Type a Message...",https://i.redd.it/fj3ujw8dxw2z.jpg
75,"Hey I'm a turtle and I‘m not feeling so well I'm missing my armor, will you be Michelle? Sent . What the hell 61F Type a Message...",https://i.redd.it/7520pe6yb3uy.jpg
76,"Wow you are cute I hopeanne pray you Will go out With me y” Hahah good one I could be your soul Naie Thank you. Wow you're really full of 1% them Not really That s all I‘ve got Hope that was enough Threw your two best lines out ﬁrst? That's a bold 1% strategy Isubscrlbe to the Hall Mary school of thought on puckup lines Cards on the table Has it been successful for 1% you so far? Every other girl before you has been luke ""who us hopeanne? Is that a pun?""",https://i.redd.it/b62v1a9e5swz.jpg
77,Well I just became a new mom so just regular friends for now Well that's exciting. Whose the baby's daddy if you don't mind me asking ha Hmmm we|| idk. That's my only problem. But I'm not going to be concerned about that for a while Ha what do you mean you don't know Ha what do you mean you don't know I didn't know I was pregnant and don't know who the father is. I was stupid and wasn't paying attention! Wait so when did you realize you were pregnant The night I was in labor How is that possible Sent Why all the questions GIF Message,https://i.redd.it/sntso4xs3miy.png
78,"‘v/ﬂu‘ ix} ""(RD ‘LD M I H SVAKH‘i'H‘ UN L 1:) 1? Hey! Cool name, where‘d you get it? Sent 5 thanks it was a birthday present 1234567890 -,/ : ;( ),,-$& @,\” _ I #+— , , ? ! G ABC ® Q; space return",https://i.redd.it/fo6efxeflngz.jpg
79,"Will you marry me? Only if you propose with a big, a ring 2') Do you care if the ring is legitimately purchased or can it be stolen?? Important question Well I‘ve always had a thing for Q petty theft Didn't know grave robbing was considered petty theft... Sent 61F Type a Message...",https://i.redd.it/0k62owp1znzy.jpg
80,< i r,https://i.redd.it/tl81qjc70xrz.jpg
81,"Hey, rememb r me? We spent Valentine‘s Day together Next weekend ‘9 Haha good one So are we on for Valentine's Day? I'll be in Thailand for Valentine's ‘3 Day haha Damn, Iwanted to be in India for Valentine's Day Sent GIF Message *‘",https://i.redd.it/786j921wcuvz.jpg
82,[1:1] JD gym Baﬂey @ 32 ki‘ometres away Don‘t match mejust looking for an account *.,https://i.redd.it/t633s31jfcyz.jpg
83,"g I im good with computers. "" whats wrong with it? Virus and thats it? if so then it's not broken 5311 Well wifi isn't working, the USB ports aren't either Quick random question- do guys like when girls sit on their face",https://i.redd.it/pgbdtsv0mxzz.jpg
84,© 3 kilometres away Hello I am a real human I enjoy the human hobbies of breathing air and walking with my legs. RECOMMEND PFAL HUMAN X,https://i.redd.it/czo32vnbg8pz.jpg
85,"- If you were a chicken you'd be impeccable O 9 Wow. You know I was scrambling for a cocky reply but then I realised, you're a bit of an egg aren't you? I feel like chickens puns are fowl play. At first I thought; ""wow, this is egg- cellent, someone with a sense of humour"" and now I'm like nah he just thinks he's a chick magnet ' and is thinking of his pecker @ QWERTYUIOP ASDFGHJKL {ZXCVBNMGJ 123 Q; space return",https://i.redd.it/ggp43tmew6sz.jpg
86,"V I What do you know about matena‘ design? Damn boy let me GIT some of 06‘ 2010197 52 W n ""‘3‘ fy‘w \‘m sharing this conyo wuh my 0:! ‘9‘ 2015‘ m 22 w coworke rs \ hope we can merge wxmout any Enough m know mat Blue 600 is n #1e88e5 conﬂicts I 0h l'm100% doing the same commit and make n official , hope you're ready to deploy mls package n 50 Isjava call me scrum master cause I‘H find a“ your use cases 00.20 2016 937mm wouldn"" mind givmg you a um"" Wanna come over later because I got a few things I want ‘0 demo ‘est Do you approach your sprints in waterfalls because you're making . n Oh don't tease me like that I me wet ""°m ""‘V “393' hope you‘re aglle, bc ”“5 JUS‘ the time and cost don't maner as became a standup meeting ‘Dng as ‘ can scope out ma‘ ass as long as you can debug my performance Only if I can call you CSS causal W‘s, 10's. H ‘2 m m n llke your style Are you emerprise architedure on m, 2015‘ 12 u w because I like your structure and . h fll m r x ri n gw’l ‘5‘ me gather your I how you opera‘e ope U y vuse e pe e ce leaves you satisfied requirements - Type a Messaoe ms Tyne a Messaue... m; Tvoe a Messaaem",https://i.redd.it/4cx2ulpqxtsx.png
87,"Alysa, 21 © 7 miles away looking for a guy with a small click 2 Interests",https://i.redd.it/hpixtt7it4yz.jpg
88,"R u the one on the rlgm or the Ieﬂ m the flrsi plc’ Jam W are u asking if I am Miranda ﬂ. cosgrove Eli,19 Unwemcy m Mrss‘ssippl ‘ Ole sts wmlxe away",https://i.redd.it/6mp014qly73z.jpg
89,"@ less than a mile away Well I'm a fat fuck with a big truck. If we can't get a big greasy burger then we won't work. I'm 21 years old but don’t let that fool you, { have no socia‘ life like I'm 40. If my truck doesn't impress you my personality probab‘y won't either. Welcome to the shtt show.",https://i.redd.it/oqmyr7exsa5z.jpg
90,It's Ronja but most people just call me ronny W8 JLH‘ 2077ﬂ124ﬁM Oh my gosh that was bad 9 e,https://i.redd.it/mm6v4o1v9d4z.jpg
91,D) C -1 (D :1 on if (QickugJine == success)( systemout‘grintlm 'wow Brandon you're super awesome') )else( Lauren.unmatches ) wow Brandon you‘re super awesome Lauven GIF,https://i.redd.it/3szdyurktcbz.png
92,| used to play the piano now | only play a the guitar That's awesome! I started playing the guitar this summer. Are you good? a not at all |o| How long have you been playing? Like 4 months Sent Type a Message... I I'm The memwmw :ﬂﬂiﬁwﬂgﬂ m AEELLEMM I IIW t-,https://i.redd.it/9e6mrq9q8qhz.jpg
93,"< ea); F * Hey ‘. there was a mistake in the music chart this week... did you noﬂce? 153.. Hm uh not that I know of ""‘5"" w 5g They didn’t have you listed as the hottest single .4213». Wowwwwwwwwww I'm dead 8% 86 good one ""‘1” W“ :3“ On a scale of 0000000000 to 9999999999 how good was it? .42.. ﬂ. 99999999989 What about on a scale of 000—000—0000 to 999—999—9999? Ahhhhh | see what you did there NEE.» ‘j, Probably abou‘",https://i.redd.it/3gc0ihycs9zz.jpg
94,screen! Ha how's your day? Hahahaha,https://i.redd.it/lk2qdkw7szrz.png
95,’ So. Much.,https://i.redd.it/ey9lumc23vlz.jpg
96,. You are now officially my fave . Yes. More. Keep them coming Did you look up these puns or . think of them yourself?,https://i.redd.it/gtq1i8g0ijdz.jpg
97,"Hmm would my mother approve & of you? .g Idk, what's her number and I'll give her 3 ca“ 3% L _3 I called her Talked to her for a good minute Didn‘t sound like she approved Oh my heck you didnt @ Lolololol she just texted me Itold her to give you a call later today and ask what‘s up Oh sweet What did she say?",https://i.redd.it/5rdhbbp6kxuy.jpg
98,67 miles away if u can't handle me at my worst i really commend and respect u for setting healthy i‘ml vnrlrw-irr Fmv vn-r r‘I‘F,http://i.imgur.com/wNjIoWB.png
99,"a Your bio 6 8 Hahah glad you like a How's your night been? 6 Could be better Just matched w a cute dude so there's something /, What's his name? 0 Sent",https://i.redd.it/b4hlps9n6d8z.png
100,",~ “m1 Mic grow \“yf'ﬁh7v’f’: ‘v/‘H m .VxH M",https://i.imgur.com/wJ1q0ks.jpg
101,¢Puedo ver tus pies? 6 Stop it SO Why is that in your profile? Do a lot of people ask you to show them you feet? ® Yess' lol They must be cute Sent,https://i.redd.it/z3424pe3scxz.jpg
102,"Which would you prefer, cheesy pickup line or life changing question? both in one? Rosie vm , Hmm this is a tall order. Let's see what I can do here I eagerly await your response Roswe m Every single day, over 8 million children go without a drop of water. Can you name single one of them? I can. His name is Branden, and he's pretty thirsty 0mg tha‘ was great '1- Rosie "" x ‘ GIF >",https://i.redd.it/hmqvd09xfs7z.jpg
103,"© 13 miles away *Uﬁ‘»! I'm half deaf(yes, really) so here is an example of our first date: You — ""as you know, I'm an incredibly successful Chris Pratt impersonator and I cannot wait to shower you with gifts and money."" Me — ""what?"" Xi.",https://i.redd.it/aaezd3jb9oaz.jpg
104,Lmao That is the most unique message . I've ever gotten on tinder . It might be impawsible,https://i.redd.it/q3kw9n8q8ttz.jpg
105,"I know men only think with their penises, but I'm not afraid to blow your mind,",https://i.redd.it/5wo0h691whuy.jpg
106,. Amyouintofemdom?:) . Oh okay cool :) It's an uncommon interest and I‘m always trying to ﬁnd people also interested in it! . Absolutely,https://i.redd.it/5du7kp3sperz.jpg
107,"® Writing, poetry, reading, HeHyeH a Awww haha omg..but yes it'd like to go on a date w you“ O a Wait where do u live ? Sent",https://i.redd.it/8n9u0de3rtbz.jpg
108,"< 9 Jeannette Is there a J.E.A.N.N.E.T.T.E. to rival the D.E.N.N.I.S. system? ""13,. Jeannette I—lnlu Ch“-",http://i.imgur.com/mhNOKWg.png
109,"J‘J [NMAWEH'LDDINEENNMTCHOP13:0677 Ijust noticed your name is an anagram for the word 'amire’ When you find something pleasant or attractive to look at a Isnt that ""Admire"" I was gonna give you the ‘d' later 20 1m ’20? Z 223 PW“ guess you couldn't a(d)mire my pun after all",http://i.imgur.com/LHIcC0H.jpg
110,"Samantha, 21 ""- 7 rmles away Actxve 1 day ago Standing tall at 5’2"" I want to do adult things with you.. ‘whispers* taxes ’panting softly’ pay the mortgage 'moans‘ make sure we turned off all the lights, our utility bill was fucking $300 this month",http://i.imgur.com/0Z5Pusl.jpg
111,"$ Alright ya fitty 14 Apr 2017,11:40 a.m. iput milk in first Sent ﬂ You can fuck right off",https://i.redd.it/3qr8nprpxiry.jpg
112,. Let's go hiking Tbh I'm not a huge fan Ok then just fuck me in the . woods?,https://i.redd.it/alib0gvzmh0z.jpg
113,"So let‘s say you found a briefcase full of money,and your cellphone number was the amount that you found, how much would that be? |o| that's a nice try but you have to be more creative, that line is Q over used GlF",https://i.redd.it/xd3u5tm89d9z.jpg
114,Your eyes are in different zipcodes,https://i.redd.it/sgxttkf0syuz.png
115,'1‘ ummmim playing cs:go '5‘ mm game '1 3rd,https://i.redd.it/fakkdu6krbby.jpg
116,"Can you Jacqueline me off? @ Just so you know, Isaac dick too",https://i.redd.it/2iw6uu7oxnoz.jpg
117,How many guys make puns about your name as an opening line? 3a.. 80 many I was legit scared you * were going to \‘a You should tell them all to go to hell 1:. @ QWERTYUIOP ASDFGHJKL §ZXCVBNMG 123 Q; space return,https://i.redd.it/9rtvpooyhqpz.jpg
118,"Baylor Scott & White Health 9 UT Health Science Center at Houston The University of Texas at Austin © 15 miles away In Japan. heart surgeon. number 1. steady hand. One day Yakuza boss need new heart. I do operation. But mistake! Yakuza boss die! Yakuza very mad. Ihide in fishing boat, come to America. No english, no food, no money. Tinder give mejob. Nowl have house, American car, no woman. Tinder save life. My big secret - I kill yakuza boss on purpose. I NAAA! m-Mmam -.-.V on pm“ * x ‘ N",https://i.redd.it/o2fj2zk0obwz.jpg
119,"VICTORIA SUPER UKED YOU ON 3/23/17 why hello there young . strong American man Hello yung ,JFWHSH gurl how i've always wanted a man who could tell I was a 0 Jewish girl right away It 8 In my to notice jews.........? . OKAY HELL NO",https://i.redd.it/yn5lxfmljihz.jpg
120,Every man should know how to cook ;) Xochitl Meth,https://i.redd.it/tzxxqrf0o3fz.png
121,"Do you really swipe right on everyone? G | swiped right on you, didn't I?",https://i.redd.it/9yjmurdmmtuz.jpg
122,"Bethan, 18 8 Pigeon Hey bby, wanna come over and © 62 miles away shit on my car? 19 hr. ago I'mjust yo regular pigeon gal. Looking for 've been waitin m whole life someone to waddle with by the lake. 9 y for someone to ask me this.. xoxo 37cmCC Bethan 17 hr. ago I give good peeks“ W ‘1",https://i.redd.it/j3h4amf2z2xy.jpg
123,"How do I know YOU don't have bad grammar? B/c i dont n LMFAOO JUST KIDDING 83 Nice nice. Since you don't can you help me with this sentence? ""Can I get you're number"" m Can I get your number? M 338 ' GIF Type a Message“",https://i.redd.it/712l3rt8oo4z.jpg
124,"< l' What would you prefer? A. A nice date B. Meaningful conversation C. Multiple orgasms Umm D D meaning all of the above or you want the “D""? V3531: *1. Maybe both .@",https://i.redd.it/iyavvdahwcwz.jpg
125,venuestmg dues nm am m \s nu \ungevavaﬂame mm m,https://i.imgur.com/qXHjr94.jpg
126,"won 06 or ong, m Ire- a 0 Yeah I'm about to go back to , bed |o| I don't even know why 3 I'm awake rn Obviously be you needed to talk to me 3 Oooobviously No don't do it 3 Andddd there it goes YYYEEEEEEEAAAAHHHHHH",https://i.imgur.com/0lORdWQ.png
127,"Okay, but before we waste each other's time: do you have kids? . Ido. Is that a deal breaker? It's just that I'm not supposed to be within ‘IOO yards of children Not because I was accused of a crime or anything, I just really hate them Sam QWERTYUIOP ASDFGHJKL OZXCVBNMQ 123 ® Q space return",https://i.redd.it/lm0slmw3doly.jpg
128,e \ -~ Mina E Today20147 % When is a door not a door? Oh boy. When? a When it’s a jar you cunt,https://i.redd.it/obxn44l0orrz.png
129,"Do you accept amazon echo commands Apr 17, 2017, 16:53 a I'm working on that feature Apr 17, 2017, 17:27 ALEXA TELL ME A JOKE UHHHHH e KNOCK KNOCK WHOS THERE ALEXA Sent UHHHHHH l DIDNT THINK THIS THROUGH e ALEXA SHUTTING DOWN Type a Message.“",https://i.redd.it/wmubhhtas6sy.jpg
130,é (1)334 ( 9 Nadia 30% _ 3:06 I don't know why I swiped right. You're a dog I'm a human Our love is forbidden @- Nadia Shhh.. don't make this harder then it has to be GIF,http://i.imgur.com/h7NGVdm.png
131,eBay How tall are you? 6‘3. Why How heavy are you? Oh good What? What are the numerical digits that appear on the scale when you proceed to apply your weight into it? Why does that matter? Why did my height matter? #DoubleStandards Send,http://i.imgur.com/gcTDesf.jpg
132,"About Nmuvyv»* * my _,un,wu . w m ‘- WM ‘J‘ Friends 64.? i I‘- \ \ I 6mm; ,1an A, ,7 m _ Busy gm (hat \ovcs Hard but Mch [O \EUC?‘ Dowan and me .770» footbaHmcqu good fCSS amd working Nd have fun Love (I Wowmg me",https://i.redd.it/yu619y79cawy.jpg
133,"< ‘— PROFILE 66 Two TRUTHS AND A LIE Met Hugh Hefner. Been sky diving. Touched a shark in the wild 100% i' ’ - \ CONVERSATION ‘ 1., W; ‘0‘ ‘ 100% -' Hey No way you met Hugh Hefner. I hear about him dying on the news like twice a year. I did He's a weird dude $3 Ho-ly shit He actually died today “ Like an hour ago “",https://i.redd.it/3tykyx0pyjoz.jpg
134,"I may suck at chemistry but i can still tell you what my reaction would be at your smile Aug 24, 2017,1523 . That was cute Indeed you are ' Aug 24,2017,18:26 . Stick your dick in my ass Only if you call me Daddy . I'm Spanish is papi good? Si bonlta a Type a Message...",http://i.imgur.com/AwArZ6r.jpg
135,© 18 miles away Stop asking I've never held one.,https://i.redd.it/du0b6j4bxguz.png
136,Are you an Inbox? Cause this male is ready to be received Is your dad a drug dealer? G Cause you're dope Are you a FedEx package? Cause I want to completely disregard any 'fragile’ labels and handle you as rough as I possibly can Sent Are you sure you're not affiliated Q with any US postal services,https://i.redd.it/5ihew1lc7mpz.jpg
137,"Caitlyn CAITLYN SUPER LIKED YOU ON 2017-10-25 Super like? That’s rare Sent Honeslty G I didn't mean to . ® Send | I'm You BIIIIIBIIEE ""III.” a mum",https://i.redd.it/1m0ckedz15uz.jpg
138,< NIkkI : just now 3. Q? Did you just karate chop me? Delivered | Iol I'm aumanau 335333933 a lull“,http://i.imgur.com/nNKY44V.png
139,‘ Oh that's better,https://i.redd.it/arxxtglrqmmz.png
140,"vmmmetp wm- BHELEV ON ham Damn b, guess I'll play the $ Tinder bitch theno q Okay you start Um I'm not going to have sex q with you‘ a OH MY 6000",https://i.redd.it/41drei8x1f7z.jpg
141,"Yeah, since im a vampire and all. Cant be caught in the sun W © 78 miles away I'm in hate with myself? If you ask me what my hobbies are or whatl do for fun I swear I will not message you back‘ I do different shit all the time and that is THE most annoying question you can ask me, I don't have an answer‘ Also, don't ask me to do anything outside during the day unless it's cloudy or not hot as Satan's balls‘ I enjoy having pale skin, thanks 4mm 0 {-3",https://i.redd.it/dyku7mzzgtoz.png
142,"You're hotter than the bottom of my laptop but hopefully a lot better for my testicals I'm a reference 290x and you're the arctic Sarah A Major Downer, ifl ever heard one Though I gotta say, you're more smooth than my anti- aliasing ‘ A The only downer is NVIDIA's stocks after ryzen was announced GIF 6 I? Sarah ou turn my so ware into hardware Sarah NVIDIA's stocks are like my heart, on a rollercoaster after seeing you I'd love to keep the puns going, but i cant think anything Sarah Yeah I don't think I can top that, but I could get on top of you We're as compatible as an Intel CPU in an GIF",http://i.imgur.com/C62dBp8.jpg
143,. Trivia Tuesday of course 6 What if you combined tacos with trivia 6 that's a perfect Tuesday. . Ready Kevin... What is Lilo and Stich I like how you put /drama because anyone who says they didn't get teary- . eyed when stich was leaving is a liar. What is a torch? What is a telephone number? . @ smooth Sent,https://i.redd.it/b8wyzbdqa9bz.jpg
144,"I'm here for the tea please 6 Milk or sugar? Just milk, sugar Today 602 pm Christ well you've ticked e the good chat box already .@",https://i.imgur.com/tfB2v14.jpg
145,< C l' You‘ve got upsexy in your hair in that second pic Nothing much sweetie x Holy Shit Ican't believe I actually just fell for that 6 You are a goddess,https://i.redd.it/7t41uv3urjwz.jpg
146,"Ah, the cozy Steve Jobs/sexy librarian look Ilook basically the same as all my pics, but more attractive a Exactly that look Wow 8'7"" too, so small Taylor I'm big where it matters The heart Yeah I figured that's what you meant Taylor Which is big because I need pump so much blood to my enormous, throbbing penis. I",http://i.imgur.com/Qz5GN28.png
147,"Hey potato chip ‘ Hey French fry Hey chicken Parmesan ‘ Hey alfredo sauce This conversation is making me hungry, dinner sometime? ‘ Haha, I'm game! Sent GIF Type a Message...",https://i.redd.it/0og6ksg2jqty.jpg
148,stable and it isn't your government I'll see you in the wheat fields ;) Theresa That sounds very naughty It's the naughtiest thing I've done Farmers hate me Theresa GIF,https://i.redd.it/ato5gglm605z.png
149,"Moata, 26 3 kilometers away About Moata E:""./r""g""w|(§[""‘1""7‘“ (J Hui"" ht""5 ‘x;iHL""i , mmg We",http://i.imgur.com/2gxwMzo.jpg
150,"So, What's your favorite dinosaur? Like if you wanted one, what you get? Dinosaur? I honestly don't think I could name any of ‘ them That's a shame Iwanna Trisarahtopless Think you can help me? Sent 0F Type a Message...",https://i.redd.it/j6rnix9a0oqy.jpg
151,. Baby what that tongue do To turn me Dage§ 011m:- blb‘e far 3|!1lle':|lkE’ y(JU 5m,https://i.redd.it/gwyiwzdnl1cy.jpg
152,I‘m doing a research study on the girls | match with on Tinder. Would be you be willing to spend 9 a few minutes taking my pole? What are the limitations of your study? Oh fuck. I just saw this on Reddit. I hate myself. Sent Type a Message...,http://i.imgur.com/XaqrP9N.jpg
153,"less than a mile away This app fuels the female egotistical and narcissistic nature by givmg them the selfie culture they crave and a smorgasbord of cock to choose from‘ This in turn transforms most of these girls into picky bitches with shitty attitudes, who believe they are ""special snowflakes"". Most of you females on here have nothing to offer but your depreciating looks and your worn out disease ridden vaginas. Also I like sushi and mini»golf",http://i.imgur.com/fn9DdHD.jpg
154,Is it cool if I just call you Madi for I'll give you a son later THAT WAS BOMB O you get hella points How many points do I need to now? get your number? Sem literally what is this SMOOTH as ‘ fuck. you already won me over 61F Type a Message...,https://i.redd.it/o5ijfbvnlvkz.jpg
155,e American?,http://i.imgur.com/FFk7SkN.jpg
156,Hello th re! Sent General kenobi GIF,https://i.redd.it/caef0rfkbzjy.jpg
157,"9 George Mason University © 45 miles away Do you like dogs or girls that can‘t run away? Be the Legman to my Wheels Iwant the Democrats to regain control ofthe government WI? '0’_\,§<;>7C1{57""FOWW‘OTVTVE ’“z‘i<§{7‘ﬂ“, “wolo‘t'",https://i.redd.it/2wrs7nhhmd0z.jpg
158,"9 © Iwant to sleep with you. I don't mean have sex. I mean sleep together. Under my blankets, with my hand on your chest and your arm around me. No talking,just the muffled cries that you slowly let seep away from your blood gurgling mouth as | slit your throat and sacrifice your worthless life to the dark overlord.",http://i.imgur.com/SVUxC42.png
159,"<- mate Sorry 11:32 pm L G} 19%:""7 0 ® Tasha I173 a Wit! YouandShannonhavered ea ch other. \. I O KEEP SWIPING DAN MATE WTFFF The fuck you playing at you absolute cunt She's out of your league 39$ 9",https://i.redd.it/yy04hl32v4bz.png
160,that is probably the best pickup line ive heard here 9/ 10/10,https://i.redd.it/42k70xdvmcuz.jpg
161,"Hail fairest maiden, art thou here for the quest? Aye, in order ‘ojudge our compatibility as adventuring companions. I require some information about thee, What art thou most reputable for? I would have to say getting high and being too nice lsee thou art skilled in the bardic crafts, Verily, thou hast skills important for a difficult quest My skill doth pale in comparison, as I am only able to slay a certain beast. And what is that beast? I'm hella good at slayin that pussy",https://i.redd.it/py4n2xot8jly.png
162,"Okay so marry one, Kill one, fuck 0 one. Me, hitler, me again. Go Marry you, kill you, collect the life insurance, and then fuck Hitler",https://i.redd.it/cq9dhly66gzz.jpg
163,"Wanna know the difference between me and Jesus? Today 8.11pm What 8 Today 833 pm Jesus was full of grace, where as grace is about to be full of me 0mg that is actually great a you even got a laugh out of my friends haha",https://i.redd.it/srw8qyu21foz.jpg
164,ﬁg Mari 0” vuu IVIHILI'IEU vvlm llem UN 3/43] Io You in Cathays? Quite close to it why? Just wondered if you wanted to come over? What's your point? Why do you want me to come over So you can murder me Well why do you think? GIF Type a Messagew ?%Cnd,https://i.redd.it/4wuhdl04y9nx.jpg
165,". You look like you suck a good dick 1Aug 2017,12240 pm shit man we have so much in common Sent",https://i.redd.it/v9fjn0r4dadz.jpg
166,"10 miles away Iaccidentally (purposely) changed my name inspiration, not realizing you can't change it for 60 days, so ifthat doesn‘t tell you enough about me as a person then I don‘t know what to tell you 1 Interest The Daily Show 900",http://i.imgur.com/6niyyVC.jpg
167,"go at it but then their pants are going to fall down and McGregor is going to be wearing black underwear and Mayweather is going to be wearing white. They are both going to say, ”you do care” start hugging and walk off holding hands.",https://i.redd.it/ny2zcbdnx6iz.jpg
168,"But I think you're cute too, so I'll look past the botanical . inaccuracy Iactually have a concert on Friday night But... Turnips are white Beets are quite pink I'm free on Saturday What do you think?",https://i.redd.it/sudccnwyrvwz.jpg
169,"© 4 miles away hi i'm betty, i am a strong asian women who likes long walk on the beach on rainy afternoons. l have a son, who is 3 years old but was diagnosed with downsyndrome at the age of4 months. i'm willing to give up my kid",http://i.imgur.com/2vt9qfA.jpg
170,"‘ﬂRdlmcrﬁlmyc ‘ i‘cf‘h “ :‘u’zii . Shoulda swiped left, silly ‘ 1,7,” 3... W ,H. k y. n7, u “74L mum . q“ “1 ‘. Sent [POTASSIUM INTENSIFIESI",https://i.redd.it/mpixpp4r17oz.jpg
171,"if i take u to McDonald‘s and buy u a 3 piece mcnugget meal wtth no sauce, will u fall in love with me anmy r n ' r‘ The last time I checked, they serve 4 pieces but if you're planning on giving me 3 then I hope you're the 4th meat w because tha‘ comes with sauce he did ou com",https://i.imgur.com/ZxUa4c1.jpg
172,I'm the only one in more than one picture haha! I'm the redhead !! Haha! Oh yes my hair actually looks a bit brown in the first one!! It sure is!! Ha!,https://i.redd.it/f3jy74qgmquz.png
173,"If I had to choose between one million . dollars and Emin-ion naps, I'd choose the naps every single time. Sent . Thats fiscally irresponsible, but im in!",https://i.redd.it/bv7ydaizcauy.jpg
174,Abcdefg-RUdtf . withme? Abcdefg—hijklmno. 'VE @ | QWERTYUIOP ASDFGHJKL §ZXCVBNMG 123 ® Q space return,https://i.imgur.com/Of4S7Db.png
175,long term commitment,https://i.redd.it/l39r3juwl1bz.png
176,"VOU MATCHED WITH REBECCA ON10/14/16 What was it that made you go ""oh yes I'm gonna swipe right a on this girl"" I was probably drunk Well we matched like 4 min ago a so lol I'm probably drunk Sent ! Oh ha okay GIF",http://i.imgur.com/4Eq12T2.jpg
177,56W!,https://i.redd.it/arsdzzwmsipz.jpg
178,"So, how tired are you of guys opening with a ""deja vu"" pun? ﬁt Lol funny enough this is my first 5—3 So, how tired are you of guys opening with a ""deja vu"" pun? Sent QWERTYUIOP ASDFGHJKL {ZXCVBNMQJ 123 kg; space return",https://i.redd.it/aooelvmtjqlz.png
179,Your Name sounds Mk9 what a deaf lumt>er|an;k mumd s‘houf,http://i.imgur.com/zmJyB7s.jpg
180,"Arrrrr, I'm lookin for some booty and plunder 13 hr. ago Ew what the fuck mu. ago No eyepatch jokes allowed? Kay 13 hr. ago Oh I get it ljust don't like pirates Qhr. ago You don't look like you hate pirates. 13 hr. ago I had a stroke and have to wear an eyepatch",http://i.imgur.com/ojxdGXn.png
181,"So you’re into role play? Vou begin your quest in a Rose,18 dark tavem. the sounds of drunken arcs and gnomish bards fill ‘he halls. The tavernkeep muses you 1mm your pim ol ale. ""If you don't mind getting your hands dirty there's coin in it for ya"" V 36 mwles awav : ‘urkwg MW? 1019 pm wmwm :nme pm you will see w mu mem U r. rot M3 ll'dt \cve mt c mm??? H It My Anthem",https://i.redd.it/j5pmwe2hhegz.png
182,. Doshare! . Yes...? But I love macromolecules. So I ‘ like 100% of you? glfk» he) GIF,https://i.redd.it/cc6ft4bxpjcz.jpg
183,© 6 miles away I was probably pooping while I swiped left on you 1 Common Connection,http://i.imgur.com/g4ve9Wh.jpg
184,Merry Sarah! My bad. I‘m a day early. Its only Sarah Eve Sent Ok so when do you want to get . married,https://i.redd.it/xn00yhbfswiz.jpg
185,"g?) Jane have a large wedding with copious amounts of family and friends. A couple years down the road we have a few kids and a baby on the way. You devote all the time to the kids and I spend too much time at work and love leaves the relationship. lfoolishly start an affair and when you find out we get a divorce, we raise 3 kids in two households where the parents hate each other. Or option two: We hookup, use a condom, and never speak again. Think of the children, Jane. See I wouldn't devote all my time to the kids, that's your problem there. But also making me choose between a shitty marriage life with you, or some probably even 8‘ shittier sex with you just isn't fair t w",http://i.imgur.com/pyddZcw.png
186,"You bring the taco bell, i'll bring the corny jokes and good time. ’ Sound good? What sounds good is me bringing you Taco Bell, but covering your entire body in nacho cheese and spanking you like a disrespectful burrito. Sem . Oh, I mean, whatever you‘re into GIF Type a Message...",https://i.redd.it/q6od1mssxjaz.jpg
187,"From what i can tell you're Kind of perfect and it‘s really intimidating Bro I'm gonna be straight up with you cuz u seem Like 0 cool nigga so I ain't gonna mess with u. This is a take account ran by teenagers to have some fun so move on sorry dude Oh shitt Woddup teenagers? Respect ‘ Bro these boyz askin for nudes and oil we doin is sending them dick picks Lmeo YdLl need to get on that ""Send me $5"" hustle @600 for real Not sure what is fun about playing around on Tinder but I appreciate the honesty Lmoo we get some nerds thinking they're getting someﬂﬂ then we teLL them to meet us somewhere and we go there and sit in the parking Lot and watch them QLL confused and stuff You've gotta try it some time I'm dead rn thinking bout it 5th",https://i.redd.it/5huki0fs3dpy.jpg
188,$ 93 63 $ Kenzie Nope Yeah hahaha I hoped It wasn’t you Sorry my phone is doing that dumb thing You’re cute tho Thanks 6 so why are you on tinder? Well we wouldn’t go together,https://i.redd.it/9i3e7kvfkgxz.jpg
189,"m ywc E(rol 245 P‘ezse resend (he message, as the person hasn‘t recieved n. TInder apologises for :th error 2 'mwaua Emu mg Tindev has vecugnised an emu cccumng lwwce Please resend your previous messagem make sure it is delivered. Hey xxx ,u ‘ ‘40 L P u A reamed i1 Tinder apobgises for [ms errur. v7 mus m Enor mg deer has recogmsed an erroroccurrmg twice P‘ease resend your prewous message m make sure it IS dehvered vr W Enor 37- Vou med sendmg the message ‘Hey xxx‘, is [his correct? Ves or No «a conﬁrm. 1 m w» ; yr Hey xxx 1 m t m Hey xxx a mu,“ ves ‘1",http://i.imgur.com/1EHrYCX.jpg
190,< G April F vow mun 4E0 m ADQ‘L 0N wa‘osuuﬂ You can call me May because I won't cum till you finish. Sen! Hahaha that's now my 0 favourite pick up line 8 QWERTYUIOP ASDFGHJKL {ZXCVBNMG 123 Q; space return,https://i.redd.it/xz7f1m5ldjez.jpg
191,® 5 miles away WHO LET YOU IN HERE???,https://i.redd.it/c20023rtuw1z.jpg
192,"I'm vegan too! 3 Sep 2016,1659 Really?! 06> yaay That's great . What made you go vegan? Seeing it in your bio Sent [Type a Message“, QWERTYUIOP ASDFGHJKL +ZXCVBNM. I .xg/ space",http://i.imgur.com/H6zZ0Hu.jpg
193,You can play with my dick and say you're practicing ‘ anatomy Today 8:50 am Anatomy on a molecular level is beyond my expertise Sent,https://i.redd.it/a12j235mtapz.jpg
194,tinder like how am I supposed to know which one's Bret,http://i.imgur.com/Ax455qi.jpg
195,venuestmg dues nm am m \s nu \ungevavaﬂame mm m,http://i.imgur.com/jE1G03e.png
196,"12T at US, Army Eastem Kentucky Umverswty Umon CoHcgc 6736 mMes away \work {or thv govonmwm so you know \II {Mk",http://i.imgur.com/DxouZBy.jpg
197,LMAO A one My friends took my tinder and swiped for all the guys I know you That's so funny bro Yeah |mao it's been awhile though That was so random Sorry about that dude have a good night!! Haha alright GIF,http://i.imgur.com/ztrCGA8.png
198,":9 80 IS It your first time in Dubai? Yup First time Tell me , what's one must do thing here ? Like I absolutely have to or this whole trip would have ﬁ been for nothing Simple, go for a drink with me Sent .63",https://i.redd.it/717cdkufjrtz.jpg
199,"15 miles away This is a fight tinder, I‘m in are1ationship,l'm just looking for people who wanna FIST fight \‘m Mu mile! :5: VOL) cwm't Uiz‘ {ha ‘\ (imu't hw‘.",https://i.redd.it/teqsxzlrdf2z.jpg
200,Atieva De Anza College,https://i.redd.it/vmhk7d40la7z.jpg
201,Are you sure?,https://i.redd.it/q7x09qphgnyy.jpg
202,"50, character defining question or cheesy pick up line? The first one Hmmm.... If you had to choose one to live without, would it be books or movies? Movies because I can't even read haha I mean books GIF",https://i.redd.it/jgfj2g5zoz7z.png
203,9 University of Florida You never have to worry about me walking,https://i.redd.it/h5mi0ieenlty.jpg
204,pictures with? I wanna up my tinder game.. 11‘; Like U Commenl 4) Share 0.0 Wm 59 omevs mew a move comments WWW; «mm; kmd owevsu ended umakmg mamas w the famous emu m RED“! 0,https://i.redd.it/4lf2usngrryz.png
205,"_ my tinder match just won the 100M butterﬂy ﬁnal and beat Michael Phelps this is my greatest accomplishment ”mum us n-uvm @ 1 nxr» ( 0 Joseph --- . Hey! How's it guing beamllul? ,1, I vma'mnn m Joseph, 21 W u see mm AWN I sab 1.- Follow _ and not replying to his message was my greatest failure mm :.m mm,”",https://i.redd.it/mdetxpmy0cfx.jpg
206,someone to talk to I‘ve had /have Anxiety depression and OCD myself and know that for some people it is easier to reach out to strangers Just want to do my part and try to be there for somebody who needs it. It‘s the little things that make the biggest difference Nobody should feel alone E My Anthem,https://i.redd.it/jks5i5zh2pmz.jpg
207,— ‘ Haha you're funny So what do you like to do for fun I like watching movies and going to ‘ cool places like museums Would you like to go the museum of medieval torture instruments ? ‘ Where is that?? My bedroom Sent Type a Message...,https://i.redd.it/vgzaort8ko8z.png
208,"< 9 @ 105%.? F You had me at faiied modelling careerv If drinks are involved in those dates I‘m In We can awkwardw unmalch anerwards and prelend we're strangers when we maxch again Are you in? I prefer the term ‘beauty warn you can buy me a dunk white you mink of a horrible pickup line about it Of course, hm only if you lell an your fnends I'm a least a a when you put a picture of me in the group Chan That sounds perfect I’ll use my excuse ol exams to reschedule last mmuxe SO I can 513R the psychological games And 1-“ let you use me to impress your mum only because it shows . how respecuul you are m her and women Pertecx, we‘ll arrange Ihis mmugh strategically taken semes Okay (ha! made me laugh We'H discuss the nudes arrangement over drinks men",https://i.redd.it/jij9840svqvz.jpg
209,"$ nice hamster Wed16 Aug, WOIWO pm % Let’s have sex",https://i.redd.it/qxvec7icf2iz.jpg
210,9 Virginia Commonwealth University © 5 miles away Not nice and always sleepy. Height doesn't matter when you're eatin my ass. My Anthem RC 6,https://i.redd.it/74jgf9wjul2z.png
211,‘ Up for a threesome? DP just ain't my thing Lol we we're actually just hoping you would suck us ‘ off at the same time You boys going to hold hands while you're at it ? Sent GIF Type a Messagew,https://i.redd.it/guup5sw4cohz.jpg
212,"me n/ Well I live in Des Moines Q 300° Hey Mike. This is Sadie from Tinder. You told me to message you next time I‘m in Chicago. In fact you wrote this message. You are oddly enough sending this message to yourself through me from the Send me this message when PaSt- This is weird. you get into town: ""Hey Mike. This is Sadie w r»: from Tinder. You told me to message you next time I‘m Chicago. In fact you wrote this message. You are oddly enough sending this message to yourself through me from the past This is weird‘"" Well in that case hit me up next time you're in Chicago. Save me as ""Chicago Tinder Guy"" mm m yaw wmm a 1»: Report Junk",http://i.imgur.com/O5xwxAE.jpg
213,j o E m _‘ m < o C: I'm a gentleman | always pay half for the abortion Sent Type a Message... QWERTYUIOP,https://i.redd.it/niyzjli048uz.jpg
214,L O 1’. (D u. Hey wanna come over and eat what my mum made? ' Did she make lasagne? Josie J 1 ‘ A Good because i hate lasagne GIF,https://i.redd.it/54uhottai0kx.jpg
215,"ready. set. go. o Uhh...l like music, i like cats, and i am a serial killer. M Q? Close. I hate cats. Delivered Make the ﬁrst move Aaaﬁ >",https://i.redd.it/cl5k77hwulnz.jpg
216,"- to sit on ‘ how bout you start w “hey,” that usually works better“! Hey, you look like you could use a face to sit on",https://i.redd.it/zze07mzwjlrz.jpg
217,"© 24 miles away Let‘s have a who‘s better in bed contest, I‘m hoping I'll be the sore loser. 10/10 biggest truck slut you'll ever meet",https://i.redd.it/uc00xus56m3z.jpg
218,yesterday have you ever had magic sex before? ‘ What does that even mean it's when we have sex and then you disappear ‘ Lmao no,https://i.redd.it/xqsynokdp48z.jpg
219,’I‘ Q 3. 9) § Friday 23:38 Today 08:57 Omfg I can’t believe you’ve just quoted Dr Disrespect to someone G on tinder QQQQ,https://i.redd.it/yzhcst20ppyz.png
220,vote in 2016? Julie,http://i.imgur.com/sxW4qft.png
221,I! 2 Q.) ‘< 00. You've got a cute face Finlay Prove it Finlay Number?,http://i.imgur.com/zObzup6.png
222,"You have 8 words or less to impress the girl of your dreams, what are you % saying? Attention to detail is a great quality of mine Sent 99 $ But why is that GIF Type a Message.“",https://i.redd.it/oj2dmofkc5wy.jpg
223,"a @ Hart‘oy No. Puns. Please. Absolutely ‘1 '0‘ 58%:1""r F",https://i.redd.it/53i3nklusoxz.jpg
224,© 11 miles away I know I look 25 but believe it or not...l'm notl‘ge/ 2 Interests,https://i.redd.it/g6a1ivr0zyly.jpg
225,You do understand that asking for money on Tinder... basically makes you either a prostitute or a hobo with a smartphone. So which one are you? 1. How does it make you a prostitute when you aren't sending naked pictures or aren't meeting men period 2. I'm obviously doing well in life as you can tell by my face. But you do understand that being on tinder to meet and fuck girls makes you really desperate or a creep right? So which one are you? Maybe a both? _ot it. Your a hobo. Type a Message...,https://i.imgur.com/eA149PC.png
226,social media. Buzzfeed actually! P I The Thanks QWERTYUIOP ASDFGHJKL §ZXCVBNM.,http://i.imgur.com/Vssswh0.png
227,"9 Sam Houston State University © 40 miles away Ilost my watch at a party once. An hour laterl saw some guy stepping OH it while he was harassing some woman at that party. mix» 15,.“ y,;\~m:w ,v v/{Vu W‘E‘zﬂ",https://i.redd.it/xhwoq21kpg3z.jpg
228,"So how many dumb pick up lines have you heard utilizing your first name? And more so, how many people of asked “how many people have asked that"" hahaha? H-ahaha lgood number I'd have to say but usually all in good fun. The only one I don’t like is when they compare my name to a stripper But with a name like that, isn't becoming a stripper sort of your Destiny? Sent",https://i.redd.it/sglcwo7m9rzz.jpg
229,Tell me two truths and a lie Today 9:31am youre a guy im a girl a we should totally hook up? Today 9:52 am So either you're not a girl Or this situation will end sexless The forecast is looking bleak Sent,https://i.imgur.com/pP5I9yT.jpg
230,"Emory University 10 miles away Harrooo, my name Connie, me Chineeeee, prease show me Amelica!",https://i.redd.it/liamc2xcwtfy.png
231,"I was raised by wolves so if] like you I might pee on you. Not a lot of pee,just a few dribbles to let you know I'm interested. Reviews of Dan *i‘fﬁﬁﬁ ""He's an excellent flosser"" -Dan's dentist ﬁﬁﬁﬁ’i} ""He always pays his bills"" Dan's credit report ﬁﬁﬁ'ﬁ‘k ""An absolute genﬂeman"" -Dan's mom Q ""I want a divorce"" -Dan's ex wife *ﬁﬁ‘ﬁi} ""Happy1year anniversary"" -The empty water bottle in my backseat if ""He fucking peed on me"" -Anonymous Tinder woman 2 Common Connections 000",http://i.imgur.com/7u58rVk.jpg
232,"Loch, 29 (9 less than a mile away Idon’t need 5 dollars. I only need ’bout tree ﬁddy 0 Friends for Common Connections We compare your Facebook friends with those of your matches to display any common",https://i.redd.it/tw2fy4jdb4oy.png
233,What did scooby doo say when he spilled his drink,https://i.redd.it/gho1n4dg7gcz.jpg
234,"11 Jun 2017,11246 am what‘s funny '91 ’I1Jun 2017,12254 pm you said lot when i said hey did you get alzheimer‘s 0 Who eveﬁ are you 11 Jun 2017,1235 pm what do you mean who am i??? we matched on tinder i'm so confused.",https://i.redd.it/fb85zp5zj03z.jpg
235,Nice ti... personality FYI I may have swiped right 6 because of the dog FYI I may have swiped right for your boobs. Compromise by me playing with your boobs after you play with my dog. Sent 6 I'm okay with that deal Type a Message.“ QWERTYUIOP ASDFGHJKL,https://i.redd.it/9aibdwp7d5yy.jpg
236,her dead beat babydaddy watching R Q Q Q ‘23 Sales 139 miles away Iswear i was born in the wrong generation because i want a love like my grandparents had no matter what happened they always loved each other.,https://i.redd.it/zrxbpmp5i2ey.jpg
237,"coo Are you google? Because you're everything I've been searching for. Are you the college football playoff committee? Because, as a badger fan, it looks like you're going to fuck me. jdwered Aa 1234567890 -/:;_( )y$y&@"" #+= . ? ! ’ G ABC 9 Q space return",https://i.imgur.com/eOgv3Wi.jpg
238,"Would you agree he is the greatest musician to grace our Ithink his line ""That pussy so wet, I think that she got shot in the coochie with the uzi"" really captures the struggle women face in today's society Sent QWERTYUIOP ASDFGHJKL OZXCVBNM® 123 Q; space return",https://i.redd.it/5rk8vv9y0kiz.jpg
239,"5:34: v * ‘ Paramjeet ""’ & Hey whm's up? 6 G 0 Too soon ‘ Toooooooooooooooooo soon ‘ Yeah I can tell haha",http://i.imgur.com/G5kMzgZ.jpg
240,"would you rather do battle with 50 x ; duck sized horses or one horse Q sized duck? One horse sized duck. As I would befriend it and then use it for world domination obviously Today10135 pm World domination? That is K : ambitious, who would you Q dominate first? You .@",https://i.redd.it/sa42cp4kx4xz.jpg
241,’i‘ s/ .9 _| C (D> coo un ay ' I would like to first ask you a So you're here for entertainment few question to know U better 1. Where are u from? 2. What do u work as? 3. What your purpose on this Don’t kno really website for? And please read briefly my | usually make this when I’m a profile info to know me alittle bored |o| ’25 bit better:) \I,https://i.redd.it/rn0gcyo5c4vz.jpg
242,Hm? Is there something I can do for you? Ithink your picture already 0 helped me a little,https://i.redd.it/0pdfbf9zfdzz.jpg
243,"Sorry, my ball must have rolled h into your messages That's funny, I was hoping my balls would roll into your mouth Sent QWERTYUIOP ASDFGHJKL {ZXCVBNMGJ 123 ® Q; space return",https://i.redd.it/lrxcei1blwfz.jpg
244,@ 3 kilometers away Lover“ that word bums me 0th unless it‘s,https://i.redd.it/lzre1pgwzcry.jpg
245,"ﬁ‘ 3 g (D 5 J Make me laugh Mickie sry, i don't send dick pics 5 J Hahaahahah Mickie ” GIF",https://i.redd.it/mz4yi6rw16kz.png
246,"@ 6 kilometres away Don't do dinner for a first ”date"", can’t exactly talk when you've got your mouthful. Coffee and a ponder will do, at least that way, if you hate me you‘ve only wasted £3 not £30 z..\. x",https://i.redd.it/tslazafm63ez.jpg
247,"a Heyyy that's not cool! a Ohh snap, that's a good one Sem",https://i.redd.it/4u067k6vo61z.png
248,"a Messages Hey Hannah - your name is a palindrom, I like it. I'd do you forwards and backwards. I like to be called Han a $0 backwards that's nah !",http://i.imgur.com/5K3ce3X.png
249,What's your sbapchat I'll send them You can't send pictures on here Isent you a pic You never responded Well I sent that pic to some rando,http://i.imgur.com/VV60ABS.png
250,"Hey you cunt sap sak-my fat & Greek cock Wow I‘m sure that Greek cock of your is like the Greek economy, non existent. Sent Type a Message...",https://i.redd.it/1wkm6xl1zljz.jpg
251,< ’3‘ Well that's a problem I'm under 6ft IV You don‘t like short guys? No. It's okay. I don’t like bigger girls Som QWERTYUIOP ASDFGHJKL {ZXCVBNMG 123 ® Q; space return,https://i.redd.it/iildcjmz2o9z.jpg
252,Lwncoln City FootbaH Club «’4‘ Am W70 gm m me Dr?” LHO ‘ “0 VJ oup pwc mm you wanted P7010 -_ H‘ \ 1w Lump w \,https://i.redd.it/g91n1zh7qygx.png
253,"| see that drawing, I sense early stages of Parkinson's. Don't worry, I'm a big fan of Q Muhammad Ali GIF",https://i.redd.it/cc8rzr1ov5my.jpg
254,I'm torn between making a pun about summer being over and not blowing it I do like to hear puns. Unfortunately I'm no were near creative enough to come up with . something for greg That's fair. Summer harder than others Sent Type a Message...,https://i.redd.it/2e1k1xwe4knx.png
255,"< .00 If I were to look in the Mirror of Erised, I'd see the two of us together JUN 22, 2017, 14,44 0 You're perfect a C Juh 22, 2017, 15.02 Thought I'd Slytherin to become your horcrux You must be a Snitch bc I've been seeking you my whole life Harry Potter may have been the boy who lived, but you're my chosen one 4 Okay, serious question. On a scale of one to Colin Creevey ¢ how big of a Harry Potter fan are you 8",https://i.redd.it/12ay1lyo395z.jpg
256,5‘5,https://i.redd.it/0jhk4xc55jvz.jpg
257,games or drama Also her:,https://i.redd.it/4pczrad8d16x.png
258,I'm trying to be romantic and turn your world upside down ;) Oh my gonBBSS 8888889 that is talentéaeeeee 88$ Sent Whatae I literally just turned off the lights and got into bed but I won't have * a problem with that tomorrow@ GIF,https://i.redd.it/nsh3vg5ifjqy.jpg
259,"< I r- Hey, is your friend in the stripes from the 2nd pic single? I She most certainly is Thanks! She's cute I 000 thankyou, she appreciates it 6 Does she mind if I get her number then? I Hmmm if you say please a - Aightaight,0_4 O 6 Please",https://i.imgur.com/mG0uqmY.png
260,"Hello Liz, and welcome to Tinder Matchmaker Season 1! My name is Dustin and I‘ll be your host on today's game show, accompanied by our 4 handsome bachelors! So let's get the game under way, shall we? Remember, you only have three questions to determine the winner! What question would you first like to ask our eligible bachelors? Sent . Which aha has the biggest dick? Type a Message”. Send",http://i.imgur.com/WkOmSY8.jpg
261,Sent E @3333 Type a Message...,http://i.imgur.com/wdyA4ci.jpg
262,". Isthis-X Yeah, do we know each other? :Er' to ﬂat qucg Harp Hey}! I am glad you replied This might sound a bit creepy but i saw you on tinder and thought you were very pretty . And i was worried that we wouldnt match ﬁ",https://i.redd.it/szuyulx7pvmz.png
263,@ ‘655 than a mHe away I would re—accommodate every last passenger just to be the guy that gets to Sit next to you‘ 532 Friends For Common Connections,https://i.redd.it/lwndzdzur7ry.png
264,"(— 5 Alyssa '"" Mar 23, 2015, 12:30 | your name had a D in it, it would be an anagram for ""Lady Ass"" Q I can honestly say I have ’f’ never heard that before So do you want the D? Mar 23, 2015, 13:15 J Hahahahahahahahaahahah Message Send",http://i.imgur.com/uXKmqR1.jpg
265,"Done -o---- 2 4 5 kilometers away , acnve 10 hours ago About http://youtu.be/GJ5L98YhOSE Dog \over, cat hater, cargo short shredder 1am 5‘7""....swipe \eﬂ 1f you are shoner .0000 AT&T ""3 22:39 4 55 % E' < Back * - More 19. apr. 201411:45formiddag 19. apr. 2014 12:22 ettermiddag ' They are Tha worst '- Nope Wisconsin you? Send .0000 AT&T ""3 22:40 4 55 % E' < Back ‘ .. . More I'm 5'7"" and it's difficult to wear heels with short ‘ guys....a mi no me gusta . I feel that way!!! 19. apr. 2014 2:37 ettermiddag Send .0000 AT&T ""3 22140 4 55 % E' (Back E - - More 19. apr. 2014 4:04 ettermiddag .- Tues Yupppp but summers are THA beys there Best Send IIIOO AT&T ""3 22:40 4 55 % E' < Back ‘ .. . More ’ Fuck you I'm probably going to block i you based on this Send",https://i.imgur.com/TWL7uf7.png
266,"VOU M ” ‘ ‘ ﬂ‘ KDUR? HEY ON iv“ ‘8; ?7 Are you today's date because you are 10/10 Vestemay :1 00000000000 shit Nice Today I? ‘5"": FM 0 Ithought so Today 13 , I will message you back on January10th O®",https://i.redd.it/bdfnwnaycnrz.jpg
267,Is water wet?,https://i.redd.it/v9xsn60y9vyz.jpg
268,"ice, high five! Sent",https://i.redd.it/tqhvrwkifpiy.jpg
269,lno ijk what the L. join the q haha jus‘ Lsing u I can W on tha‘ One y is mew,http://i.imgur.com/Vtt9jm8.png
270,"I have a Seinfeld trivia that I've owned for years , I have literally have never played because no one can play with me And I have all the seasons on ' DVDC . I'm like a Seinfeld fan girl Hmm. I'd take that challenge Strip Seinfeld trivia? . Is that a thing ? It can be Sent I'm into it Why don't you text me .. Type a Message.,,",https://i.redd.it/l8ssh00isbez.png
271,"[121] Paul Saddler Swimland 9 Whitehouse Institute of Design, Australia © 2 kilometres away I’m a swim teacher so I’ll save u from drowning in my pussy 138 Instagram Photos i ~ *1)",https://i.redd.it/zqlsm54xvr2z.jpg
272,How many tickles does it take to make an octopus . laugh? . Ten tickles 8. most likely Why ten? TENTACLES!!! YOU GOD . STUPID PIECE OF SHIT!!! Send,http://i.imgur.com/JfgaKLd.jpg
273,Little known fact: Danny devito is ' my celeb crush ‘ That's hot Sem,http://i.imgur.com/TCqSdWa.jpg
274,"First question: how do you pronounce your name? First Answer: ""U-wanna"" is basically as close as I can type it % out _\ a Second question: a black bear is chasing you, you either: A. Try to climb a tree. B: offer the bear a beer. C: befriend the bear. Well I can't buy a beer and if he is running there is not enough time to establish friendship really so A. I love climbing anyway so that % works! ,\ 5 False, bears can climb faster than they can run, it's like ioana die or something",https://i.redd.it/7w71iyxfb8sz.jpg
275,nil] arms dealer @ 86 miles away hands down the best catch on tinder face 10/10 body 9/10 personality 20/10 arms 1/2 im really famous and interesting so please message me accordingly *.,https://i.redd.it/5qzd5d4n3zjz.jpg
276,“ Greys anatomy ? I prefer Kate's anatomy,https://i.redd.it/1rpbqp0resjz.jpg
277,. Hiya! How are you? Ya im good thanks ‘ Small talk is the most awkward thing when meeting someone for the first time :p Lol I know! Tinder is so weird too. I'm new to it and finding it so strange that there is nothing other then one pic to choose. 0 How has your day been?,https://i.redd.it/dx62i7jy77jy.jpg
278,hiya. are you the bottom of my laptop? because you're really hot and i'm getting nervous. I am the father of the minor child you've been messaging with. Please do not communicate with her any further. She is 16 years .‘ old. Not 18!! thanks Chris hansen!!!! Sent,https://i.redd.it/att3irohr75y.jpg
279,"Hey I'm doing my stats homework and I'm stuck on one problem ""The normal distribution is often called a _ curve because of its resemblance to the shape of a common item,” a Hey lol it's a bell curve Ohhhh so the answer Ysabelle? 50M QB Oh. Mygod. Okay HAHAHA GIF",http://i.imgur.com/0N5ychO.png
280,. Hit) How often do people make fish jokes with your name? . Extremely often‘g Well at least they aren't koi about It. — Sent Type a Message... Send,http://i.imgur.com/plhJ3Gx.jpg
281,]> 3 2 (D I did replace all the blood in my body with 2% not to long ago so I might be a fair competition. sﬁ‘ The perfect man Annie I'll be your milk man. ‘ 1 How long do you think you can live with dairy blood? Annie Till the cows come home. xﬁ' Incredible GIF,https://i.redd.it/7b4k4e68oyoy.png
282,"3;. M'H’ Henry, 22 Jimmy John's Spokane Falls Community College University of Washington less than a mile away Ihope you like alpha males because I‘m your guy‘ That‘s right, I‘m the whole package I‘II defend your honor in public, won't take shit from waiters, and I‘ll even get you pregnant, leave, and then come back to eat the child‘",http://i.imgur.com/giUrm4V.png?1
283,"Oh shit what hookah bar do you work at ? | work at Q. Real talk though, I hav oyfriend. I can't afford food right now so I'm kinda trolling tinder and no one believes that I'm actually hungry but I am. . Would you order me a pizza? Only if you accept sausage pizza Don't be disgusting D be poor Send QWERTYUIOP ASDFGHJKL {ZXCVBNM 123 @ Lg; space mum",http://i.imgur.com/cVo73Hw.jpg
284,"® 18 miles away ldon’t know who you are. I don’t know what you want What I do have is a very particular set ofskills. Skills I have acquired over a very long sexual career‘ Skills that make me a dream for people like you‘ If you swipe left how that’ll be the the end of it I will not look for you, I will not pursue you But if you swipe right, I will match with you, I will flirt with you and I will f*ck you t.",https://i.redd.it/5xylx37cz3qz.jpg
285,Idk. Most guys are very enthusiastic to send me a dick pic...which I never want. Just making sure I don't open a snap and bam. Dick pic. Do you know how scary it can be to be a woman on snap? Like full normal conversation then bam. . Dick pic. I'd rather wait and pull it out within the first five minutes of our date. I think that’s the classier gentlemen move Sent,https://i.redd.it/9du1xg5j943z.jpg
286,What's your favorite dinosaur? . Lol idk . Mines a triSarahtopless ' . Haha aren't you funny I'm fucking hilarious Sarah fuck you Sent,https://i.redd.it/m4hkubov4wuz.jpg
287,"1 I _ I v. ""we. . W, «J y :2 a ' oooooo Lauren, 22 18 miles away active 6 hours ago About Lauren Don'tjudge, you have tinder too CNMHM Shared Interests (1)",http://i.imgur.com/BuQoMFS.jpg
288,"Matt YOU MNCI [D WH'N MM] ON 1137‘“? How does an attractive, successful, athletic, confident....guy like me not @ already have your number? Because your ego is probably bigger than your dick O®| QWERTYUIOP ASDFGHJKL {ZXCVBNMG 123 ® Q; space return",https://i.redd.it/2fmnqm10zowz.jpg
289,7 miles away active 34 minutes ago About Kate lonce had a post make the front page of reddit Shared Interests (2),http://i.imgur.com/8lE7o3z.jpg?1
290,< a Sarah Can I Sarah-nade you? Or shall ltell you a story? a just fuck me Sarah OK. Snap? '3‘- Sarah Nudes? my mom doesn't let me send anything other than asshole GIF,http://i.imgur.com/oESydaa.png?1
291,"3 kilometers away Blunt. Feminist. Liberal. Would rather go to a forest than a 5 star restaurant. Conservatives need not apply. Save me the man tears. Don't be too nice, it‘s creepy. If you‘re under 6ft, can't spell, read the |adbible, earn under 30k, upload shirtless selfies, talk constantly about your beard and tacky tattoos and think you have ""sick banter"" then let'sjust not bother, okay? You can be less than 6ft if you earn an extra 10k for every inch lost and you can earn under 30k",http://i.imgur.com/pQsDK2o.png
292,000 What is a musicologist? Bree http:// www.improveyoursocialskills .com/conversation GIF,https://i.redd.it/n76qqv4uywux.png
293,"( “ Kelly «0 DU HAST EtN MATCH MIT KELLY VOM 24,03,‘t7 Iswiped for the animal in your pic Gesendel Can't even be mad; straight up r walked right into that one urgiwr'cést cm ,,",https://i.redd.it/4whz1o04kjny.jpg
294,because I won't meet anyone my age on Club,https://imgur.com/QNAcFAq.jpg
295,"There's only 2 more days until Trump potentially becomes president, so if you've ever wanted to sleep with a black guy now is the time. A stallion like myself will run you at least $5000 post election. Sent Type a Message...",https://i.redd.it/xiwjxb8t31wx.jpg
296,"You look like a lot of fun Thanks. You look like you would find cool adventures for yourself that make good stories. Any of note that you'd like to share? Everytime I take a piss in the woods I somehow manage to pee on my feet to some degree Haha that's not what I was expecting, but I definitely can appreciate the honesty. Can't say l have the same problem but I almost without fail spill a little bit a of water every time | drink it. l have the same problem too but it's usually vodka Sent",https://i.redd.it/x2hvxqggtl7z.jpg
297,"Give me your number That's a bit forward don‘t you “ think? Idon't think so Hmmm “ Tell me a joke first A dad is washing his car with his son and after awhile the son turns to his dad and says ""Dad, why can't we use a sponge?“ Sent",https://i.redd.it/8t08kk0nhqhz.jpg
298,"Erika W_ Erika 14 m m My personallty more than makes up for my appearance @ But ur a glnger u a u ‘m w 13 - m m l have a very big personallty m mm mm u also have a big lorehead Erika 1c um W, You know what they say about guys with big foreheads We complete eachother. I'm all perr sonality and no looks. You have the looks but the personality of cum rag r m m cu: >",https://i.redd.it/9elhqidmzthz.png
299,Messages Want to have sex? Nope Why not? Too forward ?xes evah to tnaW Okay now we can Perfect,http://i.imgur.com/XKyqTVr.png
300,saying you've sent a photo i'm afraid it's a dick pic. 80 just before you ever potentially.. just no. Just to put that out there Oh my god.,https://i.redd.it/k2a79qlxcbqy.jpg
301,"© 1 mile away Let's get this out of the way my boobs ain’t big, but I haven‘t had too many complaints Strong believer in the fact that you can’t Choose your father, but you can choose your daddy,",https://i.redd.it/jxwg891mc6ny.jpg
302,"erris 0"" ‘V’UU HA3 CHM? W“. 3 H I i HHI‘E UN :V’KNH lzi Me: Don't make a ferris bueller reference. Inner Me: Bueller?... Bueller?... Bueller?... Sum m; [1 mg» m"" :; £31m Okay that made me genuinely smile. How are you Actually... no, that was so good I'm going to skip tinder all toget er.",https://i.redd.it/pfta1s03wsny.jpg
303,‘ Mcasagm’. ﬂ Where r u from? I‘lljust guess‘.Are you Lebanese? RS3! You? a a Wanna meet at the border? ﬂ~ Hahahahaha,http://i.imgur.com/Bof3zdH.jpg
304,Cause you have my interest :) Hey there! Are you the bottom of my laptop because you're hot and I'm . getting nervous!,http://i.imgur.com/G3iEUJI.jpg
305,Merry Christmas! Happy belated new years! Happy squirrel appreciation day! Happy groundhog day! Happy national bagel day! Happy Valentine's day! m You're kinda cute,http://i.imgur.com/ZSTKxJX.png
306,"Did you know the collective noun for a group of Raven's is a murder, which coincidentally is what I want to do to your pussy 64F",https://i.redd.it/ypo2dw1opyzy.jpg
307,"Nicole, 21 < © I love acting, solving puzzles, and action movies! I'm hunting for a treasure of a guy O",http://i.imgur.com/1FiFWPu.png
308,"So how do you like your coffee? So I know how to make it tomorrow morning Judging by the fact that you’re still on tinder I’m assuming none of these lineshave actually worked for you Iol Judging by your picture, they workout more than you do N) O@| QWERTYUIOP ASDFGHJKL {ZXCVBNMG 123 Q; space return",https://i.redd.it/v90q12xd3gyz.jpg
309,"Sorry about replying a month late, onlyjust finished reading it What's your favourite band/ artist/genre?",http://i.imgur.com/tJtOC6l.jpg
310,"How much does a polar bear weigh? 6 mins ago Lucky for you I'm a polar bear expert 775 to 1,200 pounds 4 mins ago So enough to break the ice.. 3 mins ago Typically ice in the Artic can hold up to 4 thousand pounds, but if that polar bear were to be on lake Michigan then yes, enough to break the ice. Why do you ask? Now >",http://i.imgur.com/HlGQr4E.png
311,"Iknow what I want... Swipe right if You're: White 6'+ 8"" D Body of a Greek God Within 5 miles of 008 Tattoos are extra +++ I have the best chemistry, With other scorpios 3%.. Odds are 1 in 1000 chance, Will you win the prize? Good luck! Be Safe!",http://i.imgur.com/mhyuJEy.png
312,< 0 Dan P So Jenna. Ijust asked Siri what I should say to a girl with a cute 0 smile on Tinder... and what did she say She said to tell Jenna... . you auto—complete me;) maybe you should get an android Sent [Type a Message... qwertyuiop asdfghjk .zxcvbnm. um -,https://i.redd.it/weetntx2pgbz.jpg
313,"About Scott Love to laugh. My passions are shopping and being gorgeous 1: ‘— Ifyou're not 6'5, don't talk to me_| nevermessage first. No facial hair. Notlooking fora hookup; * 3 .Don't know why tinder thinks I' m 24, really 32. Music is my lifeJJu. Don' t ask me on a date ifyou' re poor it :1“: .Ifyou can't handle me at my worst, you don' t deserve me at my best. Sushi and a Caramel frapp— — @ No butt stuff on the first date. Also my son Ghengis is the most important man in my life. Q wmvé d}",http://i.imgur.com/HduQ9gq.jpg
314,trash piece of shit. th no body wants to fuck your herpes ass. WE She ain't looking for just a fuck Sent,http://i.imgur.com/1lZeRkT.jpg
315,"Mirela, 22 University of Dundee I'm \ookmg for a guy that I accidentaHy \eft- swiped m my mam account F",http://i.imgur.com/isvs5Zb.png
316,"""A truly amazing girl."" -The NYTimes ""Funniest person I know!"" -Louis CK ""One of this generation's most brilliant minds."" -Mensa International ""This Chick could kick my ass in a heartbeat."" -Chuck Norris ""By far my favorite grandkid!"" -My Grandma ""AAARARRRGWWWH!!!"" -Chewbacca",http://imgur.com/fwrakr2.jpg
317,"11 miles away I'm 17, I want to enjoy my sex life but I keep getting panic attacks its very hard for me to endure sex after being raped. I love dating older guys18+. I'm worth the risk i promise. Please give me a chance.",http://i.imgur.com/UKt62WZ.jpg
318,But I already super liked somebody who's bio said super like if your dick is bent Hahahahaha that's my friend We're sitting beside each other m right now I KNEW IT Well I guess I got twice as lucky you guys were my first two Well that's not what I meant but I could never turn down a threesome Son!,https://i.redd.it/t4kfjmhgvvky.jpg
319,"purenly strategic move. 0 lcan tell I'm about to commit sue of side at work Karrigan Did you reallyjust say sue of side ‘- Karrigan Come on karrigan... Suicide 0 What are you doing Karrigan Getting ready to make some brownies, bone apple tea! GIF",https://i.redd.it/jyss7ykea6qx.png
320,"Luizie is your m8 I know you ;£ 18 Feb 2016, 08:36 I was extremely drunk last night, can I try my pick up line again? 18 Feb 2016,16:28 . Okay G 18 Feb 2016,17:04 Luizie is your m8 I know you ;£ GIF Message",http://i.imgur.com/vFy2Ybo.png
321,’I‘ I was having a picnic at the beach once and this obnoxious bird kept trying to steal my food. It was small and white with grey wings... Ithink it was aysegul. Message Send,http://i.imgur.com/FM8yznk.png
322,"3M Grace 21 hr‘ ago Not to brag, but I also do a pretty excellent slow cooked pork belly with crackling, if that's more your style 20 hr. ago They are both my style because they are both amazing food ‘ . Grace 20 hr. ago Some people spent their teenage years working on building their personality. I spent mine cooking. I think it was the correct decision 20 hr; ago It definitely was. I've been spending my life building my personality and my self esteem is so low Idk what to do :') You've made the right choice, wise one Grace 20 hr. ago Who needs self esteem when you have delicious comfort food to eat whilst you cry? 20 hr. ago 0mg so true (1:: (‘3: I don't believe in souls, but are you my soul mate?? Grace 20 hr. ago I can be your saucemate W’ That's even better ' ' ' Grace 11 hr. ago Send a message... > 20 hr; ago",https://i.redd.it/2pkqor3o4gwy.jpg
323,"[En Swimmer <9 83 miles away Iswim. I’m flexible and can hold my breath for more than 2 minutes. I once bet a guy $50 I could blow him underwater in one breath. I bought myself an xbox game that day 0 ,7"". ft,“ M \K‘F pm ‘\ <3 D‘",https://i.redd.it/176mz4ugfmuy.jpg
324,ze. — 'Lw But you‘re mu young to dnnk so you might as wen go tonne punch une. Nu smw (\ap format one? - w BUT IM NOT Too VOUNG FOR D‘CK,https://i.redd.it/a9fbkr6x9f8x.png
325,"*9 INSEAD Santa Clara University © 8 kilometres away I'm the kind of guy you can take home to meet your mum. She'll think I'm charming, kind... And a bit sexy. She falls in love with me... I think | feel the same. We get married. I'm your dad now. | confront you, ""young lady, why do you have a Tinder account?"" you are now grounded.",https://i.redd.it/5q6x01vfld8z.jpg
326,$ Yes - collectors item Send,http://i.imgur.com/M1VJ7sG.png
327,"4"" Updates 6] EE Tinder Tinder Inc. > *iHHHk (1,557) Reviews Relaied Facebook n Be the first of your friends to like this. £7 Like Ratings and Reviews Current Version All Versions *‘iHHHk 1,557 Ratings Vikki - mum ‘ iii - ii - i App Store Customer Reviews Write a Review App Support *2 v2 1,» a G) Featured Top Charts Exp‘ore Search Updates",http://i.imgur.com/uA5mEFb.png
328,"Yeah, I'm on my way home now actually. I should have been off 3 hours ago tho For some reason I thought you were closer Q I'm in north: That's not that far away It isn't. I'm home alone we should ' Netflix and chill '12- Send",http://i.imgur.com/9AKACuq.png
329,"L. a ; Holly, 22 61 kilometers away rm“ _ 17 ‘4‘, 3;}; About Holly {‘ve learnt that men have two emotions: Hungry and Horny. [H see you without an erection, \‘H make you a sandwich.",http://i.imgur.com/8ZK52qU.jpg
330,You can I pet your dog? 3 Yo* a Same bro a Depends on the pun a Wowcha ' see a I'm crying 8&9,https://i.redd.it/5o01vi63gf9y.jpg
