author,comments,permalink,score,title,url
jordanr1369,1310,https://i.redd.it/eb04wo255cdz.jpg,71412,"Saw my opportunity, no regrets",https://i.redd.it/eb04wo255cdz.jpg
Jaedust,911,https://i.redd.it/jntms1uun6vz.jpg,62378,Never been unmatched faster,https://i.redd.it/jntms1uun6vz.jpg
microwave-oven,916,https://i.redd.it/b2twany6a5dz.jpg,59592,It's official. I've finally peaked.,https://i.redd.it/b2twany6a5dz.jpg
zivus,1657,https://i.redd.it/73jw6r7w9rez.png,57141,70%,https://i.redd.it/73jw6r7w9rez.png
TheWilkster,2668,https://i.redd.it/aqk9xfo1882z.jpg,56712,Insert punchline...,https://i.redd.it/aqk9xfo1882z.jpg
QuitSplash,510,https://i.imgur.com/1UuNaRv.jpg,51036,I think iâ€™ve found the one,https://i.imgur.com/1UuNaRv.jpg
LoisLame78,668,https://i.imgur.com/dZ2vx2q.png,48651,Damn that's cold.,https://i.imgur.com/dZ2vx2q.png
Forgotten_Strategos,310,https://i.redd.it/zqy95tu26hxy.jpg,48020,I think I'm in there,https://i.redd.it/zqy95tu26hxy.jpg
ImNotGoodAtTinder,741,https://i.imgur.com/MK6hwba.jpg,47366,This could mark a new chapter for me,https://i.imgur.com/MK6hwba.jpg
xoxo4794,506,https://i.redd.it/lkda6l78wepz.jpg,46308,This is still the funniest Tinder photo I've ever seen,https://i.redd.it/lkda6l78wepz.jpg
Zanester98,1290,https://i.redd.it/dsv4y5wpk7oy.jpg,43807,Got unmatched right after,https://i.redd.it/dsv4y5wpk7oy.jpg
FullMetal21337,1067,https://i.redd.it/tswn8osiuftz.jpg,43676,Almost exactly 3 years ago I made the most important swipe of my life. Thanks Tinder!,https://i.redd.it/tswn8osiuftz.jpg
bammaul,909,http://i.imgur.com/tvOjUyG.png,43085,Double Down,http://i.imgur.com/tvOjUyG.png
Benny_Metz,2641,https://i.redd.it/c3djmvfs8msz.jpg,42960,Got unmatched pretty quick after that one.,https://i.redd.it/c3djmvfs8msz.jpg
Gomestradamus,623,https://i.redd.it/dwenk4dkwnkz.jpg,42541,"Her bio said ""tell me your favorite PokÃ©mon""",https://i.redd.it/dwenk4dkwnkz.jpg
mf-breadcrumbs,618,https://i.redd.it/x089t8ggl06z.jpg,40520,Kind of proud of this one,https://i.redd.it/x089t8ggl06z.jpg
PM_ME_UR_ASIAN_FACE,742,https://i.redd.it/oofikcc8hgqz.png,39406,I'm peanut butter,https://i.redd.it/oofikcc8hgqz.png
gavin92,934,https://i.redd.it/9sl32d316bqz.jpg,39167,Iâ€™m impressed how quickly I came up with this response,https://i.redd.it/9sl32d316bqz.jpg
rarhchi,246,https://i.redd.it/fwxejxkptraz.jpg,38837,Saw this on Twitter and just had to share it here,https://i.redd.it/fwxejxkptraz.jpg
con_bazz,1407,https://i.redd.it/8g335l7uy11z.jpg,38443,Penis is not a bone,https://i.redd.it/8g335l7uy11z.jpg
kketner,572,https://i.redd.it/7kc8kin9osgz.jpg,37931,The unlikely winner,https://i.redd.it/7kc8kin9osgz.jpg
Jabacasm,2178,https://i.imgur.com/24RNbJ6.jpg,37813,I Hope She's Okay...,https://i.imgur.com/24RNbJ6.jpg
ThePantsThief,855,https://i.redd.it/s3yncs89ts8z.jpg,37558,I play piano ðŸŽ¹,https://i.redd.it/s3yncs89ts8z.jpg
quicksilverfrost,922,https://i.redd.it/6aalyywf6btz.jpg,36921,I tried,https://i.redd.it/6aalyywf6btz.jpg
Alexpka,648,https://i.redd.it/3yd2jrnhudsz.jpg,36868,Don't get the wrong idea lady,https://i.redd.it/3yd2jrnhudsz.jpg
AbstractDiarrhea,1381,https://i.imgur.com/L5rrRY3.jpg,36761,"Oh boy, here I go killing again",https://i.imgur.com/L5rrRY3.jpg
Cuddlebot4000,1293,http://i.imgur.com/SHKe3tL.jpg,36031,I tried the pickup lime,http://i.imgur.com/SHKe3tL.jpg
Lifestains,575,https://i.redd.it/r5f6euw4wiqz.jpg,35470,Nice try pal,https://i.redd.it/r5f6euw4wiqz.jpg
SleeperCells,970,https://i.redd.it/s542t4ztlojz.png,35372,She seems like a stand up girl,https://i.redd.it/s542t4ztlojz.png
raebreJ,1442,https://i.redd.it/6epcc2mhxfvz.jpg,35091,I donâ€™t know what just happened,https://i.redd.it/6epcc2mhxfvz.jpg
agaetis_,375,https://i.redd.it/vsqe8pio51nz.jpg,35086,Are you a SAT?,https://i.redd.it/vsqe8pio51nz.jpg
ThrowawayAnywayToday,508,https://i.imgur.com/7Y1BIzM.jpg,35015,What to say?,https://i.imgur.com/7Y1BIzM.jpg
fzero93,534,https://i.redd.it/fcydbsgsldmz.jpg,35006,I don't even like cucumbers,https://i.redd.it/fcydbsgsldmz.jpg
thatcoolredditor,1297,https://i.redd.it/fmvipk9gs0tz.jpg,34764,Outdone,https://i.redd.it/fmvipk9gs0tz.jpg
JL224758,574,https://i.redd.it/e744fotgop5z.jpg,34385,She's been around the block a few times,https://i.redd.it/e744fotgop5z.jpg
TwerkMasterSupreme,966,https://i.redd.it/0biilkkqlvpz.jpg,34178,She's like the Jesus of Tinder,https://i.redd.it/0biilkkqlvpz.jpg
kurt_no-brain,585,https://i.redd.it/ghdrm1fdtevy.jpg,33969,This is what I use Tinder for.,https://i.redd.it/ghdrm1fdtevy.jpg
Jaxatr,836,http://i.imgur.com/KrEL2D6.jpg,33355,My friend wants to know if he's doing this right,http://i.imgur.com/KrEL2D6.jpg
-dilettante-,1011,https://i.redd.it/f0f9ckslszez.png,33033,Well I thought it was funny...,https://i.redd.it/f0f9ckslszez.png
ImNotGoodAtTinder,530,https://i.imgur.com/m2ovSO3.jpg,32976,I know almost nothing about football,https://i.imgur.com/m2ovSO3.jpg
sybexmtg,505,https://i.redd.it/kt4zjn0ww0lz.jpg,32910,Y'all are too focused on wordplay and not the actual letters.,https://i.redd.it/kt4zjn0ww0lz.jpg
OkAlt,434,http://i.imgur.com/xoV1Yy3.png,32539,Alpha male,http://i.imgur.com/xoV1Yy3.png
jc_photo92,571,https://i.redd.it/r2iqtj62yunz.jpg,32352,She wanted a cheesy pickup line.,https://i.redd.it/r2iqtj62yunz.jpg
Kage08,624,http://i.imgur.com/Vx57t58.jpg,32061,How to get a Super like in 1 Picture,http://i.imgur.com/Vx57t58.jpg
PhillyCheese123,338,https://i.redd.it/v1kpv6cczy9z.jpg,32051,Mmmm hotdogs,https://i.redd.it/v1kpv6cczy9z.jpg
More_Equal_Than_You,673,https://i.redd.it/ypn1mqp3lfwz.jpg,31308,I did not get a response...,https://i.redd.it/ypn1mqp3lfwz.jpg
Kellenjk,220,https://i.redd.it/zm1acbfix3sz.jpg,31208,Honesty is the best policy right?,https://i.redd.it/zm1acbfix3sz.jpg
The-Omega,397,http://i.imgur.com/midWObU.png,31188,"After 5 months on tinder, I finally got a pickup line to work",http://i.imgur.com/midWObU.png
incognitoshadow,492,https://i.redd.it/v4itskl1zxmz.jpg,30646,Am I using deez nuts right?,https://i.redd.it/v4itskl1zxmz.jpg
crazya_2001,1013,https://i.redd.it/wd41qbg0mobz.png,30519,Come up with something original to say..,https://i.redd.it/wd41qbg0mobz.png
AlexTweaks,1032,https://i.redd.it/r1k02e5q4rdz.jpg,29657,"""You know what they say""",https://i.redd.it/r1k02e5q4rdz.jpg
LivingLikeJasticus,558,https://i.redd.it/85sklzqdupnz.jpg,29573,Matched with her on *almost* every dating app,https://i.redd.it/85sklzqdupnz.jpg
katyann625,612,https://i.redd.it/0xl7eglclglz.jpg,29506,Who wouldn't want to date me after this knowledge bomb? Nailed it,https://i.redd.it/0xl7eglclglz.jpg
everyfatguyever,309,https://i.redd.it/43r70omz667z.jpg,29462,Pls halp,https://i.redd.it/43r70omz667z.jpg
angryku,632,https://i.redd.it/i8vhf2hgm0xz.jpg,29079,Some say sheâ€™s still waiting...,https://i.redd.it/i8vhf2hgm0xz.jpg
TheIndVar,585,https://i.redd.it/8h0vukrw49nz.jpg,28623,Call me Tim Howard after that save,https://i.redd.it/8h0vukrw49nz.jpg
giantsfan923,495,https://i.redd.it/6vhcys53ukvz.jpg,28485,Unprecedented wholesomeness on Tinder :),https://i.redd.it/6vhcys53ukvz.jpg
wawaweeeewa,1385,https://i.redd.it/bijlsndiil6z.jpg,28446,"If it's stupid but it works, it isn't stupid",https://i.redd.it/bijlsndiil6z.jpg
drock100x,439,https://i.redd.it/8hgfiu5sgu5z.png,28364,I re-downloaded Tinder recently to find this.... whoops.,https://i.redd.it/8hgfiu5sgu5z.png
d3fin3d,466,http://i.imgur.com/0EFvN4S.png,28342,Don't always trust 5 star ratings,http://i.imgur.com/0EFvN4S.png
BuyEmpireGoods,281,https://i.redd.it/1jf1w7b2kr6z.jpg,28142,Well that backfired,https://i.redd.it/1jf1w7b2kr6z.jpg
phoeenixx,899,https://i.redd.it/esr66h6x7arz.jpg,27948,A man playing his cards right.,https://i.redd.it/esr66h6x7arz.jpg
Potter_Nation,903,https://i.redd.it/plfurvat1qsy.jpg,27654,I needed a ride to get my wisdom teeth out.,https://i.redd.it/plfurvat1qsy.jpg
Nishad10,514,https://i.redd.it/fns8iqjfe79z.jpg,27270,Pro level procrastination,https://i.redd.it/fns8iqjfe79z.jpg
CptDawson,917,https://i.redd.it/8xpr8xfe51rz.jpg,27189,WALL-E,https://i.redd.it/8xpr8xfe51rz.jpg
lpopilock,354,https://i.redd.it/141uvzogqajz.jpg,26887,Anyone seen John Mulaney?Â¿,https://i.redd.it/141uvzogqajz.jpg
TheAssAge,404,https://i.redd.it/5gbj1d57hw7z.jpg,26880,"An eye for an eye, I guess.",https://i.redd.it/5gbj1d57hw7z.jpg
lurkerspringa,426,https://i.redd.it/oiqcet5f4g7z.jpg,26789,"Houston, the pick-up line has landed.",https://i.redd.it/oiqcet5f4g7z.jpg
hutwell,576,https://i.redd.it/qhdqqh9a7g6z.png,26615,How business works,https://i.redd.it/qhdqqh9a7g6z.png
willkorn,303,https://i.redd.it/dnor85yhxvsz.jpg,26563,No homo,https://i.redd.it/dnor85yhxvsz.jpg
DBREEZE223,469,http://i.imgur.com/Um0rjRu.jpg,26146,She won't respond anymore maybe I should use the bat signal?,http://i.imgur.com/Um0rjRu.jpg
mrmacpatty,443,https://i.redd.it/72ud4tbuv1qy.jpg,25916,At least he owns it? (Taken from my friend's account),https://i.redd.it/72ud4tbuv1qy.jpg
SamyvStokkum,403,https://i.redd.it/glky0j3j0z6z.jpg,25872,Star What?,https://i.redd.it/glky0j3j0z6z.jpg
OrphanAdvocate,497,https://i.redd.it/lv220b4x1daz.jpg,25731,Jesus saves,https://i.redd.it/lv220b4x1daz.jpg
mnightshalamalam,394,http://i.imgur.com/XzJaDFq.jpg,25522,She wants to be here,http://i.imgur.com/XzJaDFq.jpg
Fantappstic,376,https://i.redd.it/n4k1fvpr3tqz.jpg,25433,Good,https://i.redd.it/n4k1fvpr3tqz.jpg
unfurledwarrior5150,1893,https://i.redd.it/fj3ujw8dxw2z.jpg,25291,I guess horse girls are weird,https://i.redd.it/fj3ujw8dxw2z.jpg
venomousweets,500,https://i.redd.it/7520pe6yb3uy.jpg,25152,Guess is wasn't that clever,https://i.redd.it/7520pe6yb3uy.jpg
BrestRRoin,140,https://i.redd.it/b62v1a9e5swz.jpg,24620,Tinder Pick Up Puns That Are So.....,https://i.redd.it/b62v1a9e5swz.jpg
RaynalBeads,973,https://i.redd.it/sntso4xs3miy.png,24621,Why all the questions?,https://i.redd.it/sntso4xs3miy.png
Lightflame42,158,https://i.redd.it/fo6efxeflngz.jpg,24562,I honestly have no idea what I expected. Nothing less.,https://i.redd.it/fo6efxeflngz.jpg
nacho_guy,222,https://i.redd.it/0k62owp1znzy.jpg,24138,Petty theft,https://i.redd.it/0k62owp1znzy.jpg
tuttleb1,211,https://i.redd.it/tl81qjc70xrz.jpg,23676,Iâ€™m either going to get unmatched or things are going to go great,https://i.redd.it/tl81qjc70xrz.jpg
lannomax,287,https://i.redd.it/786j921wcuvz.jpg,22940,"Fortunately, my provider is finally ironic",https://i.redd.it/786j921wcuvz.jpg
DrMcDonald,453,https://i.redd.it/t633s31jfcyz.jpg,22778,Someone is in trouble...,https://i.redd.it/t633s31jfcyz.jpg
SplotBoi,719,https://i.redd.it/pgbdtsv0mxzz.jpg,22623,What do I make of this?,https://i.redd.it/pgbdtsv0mxzz.jpg
GolfnCars,125,https://i.redd.it/czo32vnbg8pz.jpg,22599,Finally found the one,https://i.redd.it/czo32vnbg8pz.jpg
GordanGoat,272,https://i.redd.it/ggp43tmew6sz.jpg,22523,"May as well delete Tinder, I've found the one",https://i.redd.it/ggp43tmew6sz.jpg
chaseoes,538,https://i.redd.it/4cx2ulpqxtsx.png,22488,When a programmer and designer meet on tinder,https://i.redd.it/4cx2ulpqxtsx.png
Another__Alias,674,https://i.redd.it/hpixtt7it4yz.jpg,22399,My time has finally arrived.,https://i.redd.it/hpixtt7it4yz.jpg
yetanotherAZN,447,https://i.redd.it/6mp014qly73z.jpg,22322,me irl,https://i.redd.it/6mp014qly73z.jpg
jbhdgaming,695,https://i.redd.it/oqmyr7exsa5z.jpg,21827,At least he's honest?,https://i.redd.it/oqmyr7exsa5z.jpg
SilentPulse38,190,https://i.redd.it/mm6v4o1v9d4z.jpg,21692,I think I'm in,https://i.redd.it/mm6v4o1v9d4z.jpg
GodChurch,472,https://i.redd.it/3szdyurktcbz.png,21666,She is a CS Major,https://i.redd.it/3szdyurktcbz.png
Sam_Porter,199,https://i.redd.it/9e6mrq9q8qhz.jpg,21573,Got so high last night I answered my own question.,https://i.redd.it/9e6mrq9q8qhz.jpg
taquitolover69,251,https://i.redd.it/3gc0ihycs9zz.jpg,21287,Had to help her out a little,https://i.redd.it/3gc0ihycs9zz.jpg
minustheberry,218,https://i.redd.it/lk2qdkw7szrz.png,21156,"She said her phone was broke, I was trying to help",https://i.redd.it/lk2qdkw7szrz.png
suckygoalie2,574,https://i.redd.it/ey9lumc23vlz.jpg,21032,"She's 5'11"" so I couldn't resist",https://i.redd.it/ey9lumc23vlz.jpg
MrAnderson_369,245,https://i.redd.it/gtq1i8g0ijdz.jpg,21025,Bread puns never go stale,https://i.redd.it/gtq1i8g0ijdz.jpg
Masterful021,706,https://i.redd.it/5rdhbbp6kxuy.jpg,20961,Didn't know she was bluffing,https://i.redd.it/5rdhbbp6kxuy.jpg
anymooseposter,295,http://i.imgur.com/wNjIoWB.png,20896,A refreshing twist.,http://i.imgur.com/wNjIoWB.png
lizzardly,633,https://i.redd.it/b4hlps9n6d8z.png,20889,He didn't find it as funny as I did,https://i.redd.it/b4hlps9n6d8z.png
GallowBoob,283,https://i.imgur.com/wJ1q0ks.jpg,20848,She isn't fucking around...,https://i.imgur.com/wJ1q0ks.jpg
StarchyMotel,289,https://i.redd.it/z3424pe3scxz.jpg,20727,Her Profile Said Only English And Donâ€™t Ask To See My Feet.,https://i.redd.it/z3424pe3scxz.jpg
The_Huge_Moist,360,https://i.redd.it/hmqvd09xfs7z.jpg,20663,This took me a lot more effort than I'd like to admit,https://i.redd.it/hmqvd09xfs7z.jpg
OfficialSchizo,519,https://i.redd.it/aaezd3jb9oaz.jpg,20650,What?,https://i.redd.it/aaezd3jb9oaz.jpg
tindertrashx,129,https://i.redd.it/q3kw9n8q8ttz.jpg,20605,She likes dad jokes,https://i.redd.it/q3kw9n8q8ttz.jpg
Eveley,293,https://i.redd.it/5wo0h691whuy.jpg,20493,Alright then,https://i.redd.it/5wo0h691whuy.jpg
DREDAY_94,531,https://i.redd.it/5du7kp3sperz.jpg,20473,Itâ€™s just so easy to get them confused,https://i.redd.it/5du7kp3sperz.jpg
Geecher,954,https://i.redd.it/8n9u0de3rtbz.jpg,20422,"Huh, I've been on tinder for a while and was always too chicken to actually ask a girl on a date. This time built the courage and I did it. This'll be my first tinder date",https://i.redd.it/8n9u0de3rtbz.jpg
Dondarian,253,http://i.imgur.com/mhNOKWg.png,20300,J.E.A.N.N.E.T.T.E.,http://i.imgur.com/mhNOKWg.png
yaboy98,408,http://i.imgur.com/LHIcC0H.jpg,20201,what did I do wrong?,http://i.imgur.com/LHIcC0H.jpg
dustofoblivion123,305,http://i.imgur.com/0Z5Pusl.jpg,20017,I've never swiped right this quickly,http://i.imgur.com/0Z5Pusl.jpg
blankablan,1237,https://i.redd.it/3qr8nprpxiry.jpg,19867,UK Tinder everyone.,https://i.redd.it/3qr8nprpxiry.jpg
ImminentCrash,328,https://i.redd.it/alib0gvzmh0z.jpg,19844,Gotta love a girl who knows what she wants!,https://i.redd.it/alib0gvzmh0z.jpg
mervyscervy,385,https://i.redd.it/xd3u5tm89d9z.jpg,19830,When being desperate works,https://i.redd.it/xd3u5tm89d9z.jpg
deinosaur31,214,https://i.redd.it/sgxttkf0syuz.png,19564,I love when girls message first,https://i.redd.it/sgxttkf0syuz.png
Sheepmanishere,312,https://i.redd.it/fakkdu6krbby.jpg,19201,"Found this online, flawless.",https://i.redd.it/fakkdu6krbby.jpg
trusttheprocess76ers,1099,https://i.redd.it/2iw6uu7oxnoz.jpg,19130,Name Gags for the win,https://i.redd.it/2iw6uu7oxnoz.jpg
DissheveledMadness,268,https://i.redd.it/9rtvpooyhqpz.jpg,18996,"Needless to say, she was not impressed",https://i.redd.it/9rtvpooyhqpz.jpg
GSGlitter,312,https://i.redd.it/o2fj2zk0obwz.jpg,18924,I don't even know what to think,https://i.redd.it/o2fj2zk0obwz.jpg
itsDuck0nQuack,341,https://i.redd.it/yn5lxfmljihz.jpg,18780,OKAY HELL NO,https://i.redd.it/yn5lxfmljihz.jpg
KaligaYo,268,https://i.redd.it/tzxxqrf0o3fz.png,18702,I like to cook,https://i.redd.it/tzxxqrf0o3fz.png
OutdoorsBob,128,https://i.redd.it/9yjmurdmmtuz.jpg,18679,Bio said she swipes right on everyone. Honestly I'm feeling kind of attacked.,https://i.redd.it/9yjmurdmmtuz.jpg
TeaDrinkingGuy,128,https://i.redd.it/j3h4amf2z2xy.jpg,18666,Coo,https://i.redd.it/j3h4amf2z2xy.jpg
IMPERIALteig,257,https://i.redd.it/712l3rt8oo4z.jpg,18618,"Her bio simply said ""swipe left if you have bad grammar""",https://i.redd.it/712l3rt8oo4z.jpg
Swarley160,464,https://i.redd.it/iyavvdahwcwz.jpg,18535,"Never thought Iâ€™d get this far, idk what to do now",https://i.redd.it/iyavvdahwcwz.jpg
areyouferal,460,https://i.imgur.com/qXHjr94.jpg,18510,Tell me a story,https://i.imgur.com/qXHjr94.jpg
WhichWayToAtlantis,377,https://i.imgur.com/0lORdWQ.png,18508,Should've seen it coming,https://i.imgur.com/0lORdWQ.png
UsefulSchism,1979,https://i.redd.it/lm0slmw3doly.jpg,18378,"Dating is hard when you're 29, live in Kansas, and don't like children",https://i.redd.it/lm0slmw3doly.jpg
TheCGLion,382,https://i.redd.it/obxn44l0orrz.png,18165,She super liked me,https://i.redd.it/obxn44l0orrz.png
shredsgnar,227,https://i.redd.it/wmubhhtas6sy.jpg,17998,Modern Technology,https://i.redd.it/wmubhhtas6sy.jpg
zakiay93,156,http://i.imgur.com/h7NGVdm.png,17654,And they call it puppy love,http://i.imgur.com/h7NGVdm.png
KarmaFap,1615,http://i.imgur.com/gcTDesf.jpg,17615,Double Standards,http://i.imgur.com/gcTDesf.jpg
proudlyhumble,1062,https://i.redd.it/yu619y79cawy.jpg,17534,I won the Tinder lottery. We get married this summer. Matched two years ago.,https://i.redd.it/yu619y79cawy.jpg
zeejay32,318,https://i.redd.it/3tykyx0pyjoz.jpg,17514,Two Truths and a Lie,https://i.redd.it/3tykyx0pyjoz.jpg
drmichael12,475,http://i.imgur.com/AwArZ6r.jpg,17353,"My friend thought he was being cute, she had other plans",http://i.imgur.com/AwArZ6r.jpg
kayeledsb,239,https://i.redd.it/du0b6j4bxguz.png,17291,This poor woman.,https://i.redd.it/du0b6j4bxguz.png
BrethrenMoons,124,https://i.redd.it/5ihew1lc7mpz.jpg,17273,A continuation of my postal services theme,https://i.redd.it/5ihew1lc7mpz.jpg
KeepMyHoodUp,512,https://i.redd.it/1m0ckedz15uz.jpg,17230,Iâ€™m not the prettiest,https://i.redd.it/1m0ckedz15uz.jpg
Rx2014,143,http://i.imgur.com/nNKY44V.png,17220,First impressions make an impact,http://i.imgur.com/nNKY44V.png
barcabuckeye44,189,https://i.redd.it/arxxtglrqmmz.png,17037,#NoRagrets,https://i.redd.it/arxxtglrqmmz.png
Obito_GF,222,https://i.redd.it/41drei8x1f7z.jpg,17019,Smooth af,https://i.redd.it/41drei8x1f7z.jpg
G_Mahler,536,https://i.redd.it/dyku7mzzgtoz.png,16895,You Can Call Me Van Helsing,https://i.redd.it/dyku7mzzgtoz.png
Aladgal,476,http://i.imgur.com/C62dBp8.jpg,16812,The Masterrace beat me,http://i.imgur.com/C62dBp8.jpg
redditorforthemoment,258,https://i.redd.it/b8wyzbdqa9bz.jpg,16781,How are your trivia skills?,https://i.redd.it/b8wyzbdqa9bz.jpg
139493_3122175,277,https://i.imgur.com/tfB2v14.jpg,16700,Her bio said something about making good tea,https://i.imgur.com/tfB2v14.jpg
JackDevTranslator,336,https://i.redd.it/7t41uv3urjwz.jpg,16627,I can't believe that actually worked,https://i.redd.it/7t41uv3urjwz.jpg
fivemanship,280,http://i.imgur.com/Qz5GN28.png,16606,The ole' comedic misdirection,http://i.imgur.com/Qz5GN28.png
jeffshalissa,248,https://i.redd.it/0og6ksg2jqty.jpg,16576,Hey potato chip,https://i.redd.it/0og6ksg2jqty.jpg
MusicForCarsIV,151,https://i.redd.it/ato5gglm605z.png,16339,So I matched with Theresa May,https://i.redd.it/ato5gglm605z.png
PhunnelCake,953,http://i.imgur.com/2gxwMzo.jpg,16299,Unique Perspective,http://i.imgur.com/2gxwMzo.jpg
Mikez63,389,https://i.redd.it/j6rnix9a0oqy.jpg,16225,Hoping this post is good enough for me to get a Sarah-moaney,https://i.redd.it/j6rnix9a0oqy.jpg
Spollyy,123,https://i.redd.it/gwyiwzdnl1cy.jpg,16224,The power of Christ compels you!,https://i.redd.it/gwyiwzdnl1cy.jpg
Amieisrad,424,http://i.imgur.com/XaqrP9N.jpg,15949,In response to the earlier pole...position...,http://i.imgur.com/XaqrP9N.jpg
TJBaldy,513,http://i.imgur.com/fn9DdHD.jpg,15919,This guy knows.,http://i.imgur.com/fn9DdHD.jpg
viceray,359,https://i.redd.it/o5ijfbvnlvkz.jpg,15828,Flawless victory,https://i.redd.it/o5ijfbvnlvkz.jpg
gradinafrica,141,http://i.imgur.com/FFk7SkN.jpg,15825,Are you full bred American?,http://i.imgur.com/FFk7SkN.jpg
ReeceIXI,290,https://i.redd.it/caef0rfkbzjy.jpg,15773,Get you a girl like this,https://i.redd.it/caef0rfkbzjy.jpg
Karma_Kaze,490,https://i.redd.it/2wrs7nhhmd0z.jpg,15645,Swiped on that positive attitude,https://i.redd.it/2wrs7nhhmd0z.jpg
joeloare,366,http://i.imgur.com/SVUxC42.png,15579,Thought she was kinda cute at first....,http://i.imgur.com/SVUxC42.png
yikdan,551,https://i.redd.it/yy04hl32v4bz.png,15564,I matched my sisters best friend last night - She reacted to it like a champ.,https://i.redd.it/yy04hl32v4bz.png
Rexticles,197,https://i.redd.it/42k70xdvmcuz.jpg,15423,My go-to Tinder line.,https://i.redd.it/42k70xdvmcuz.jpg
jaidurn,228,https://i.redd.it/py4n2xot8jly.png,15383,I think I've figured out this Tinder thing,https://i.redd.it/py4n2xot8jly.png
vadlmaster,130,https://i.redd.it/cq9dhly66gzz.jpg,15364,That did not go according to plan for him.,https://i.redd.it/cq9dhly66gzz.jpg
thebigbillson,177,https://i.redd.it/srw8qyu21foz.jpg,15242,"Praise Jesus, I think it worked!",https://i.redd.it/srw8qyu21foz.jpg
Namispep,313,https://i.redd.it/4wuhdl04y9nx.jpg,15234,Nice try,https://i.redd.it/4wuhdl04y9nx.jpg
DARKSTARMEDIA,305,https://i.redd.it/v9fjn0r4dadz.jpg,15171,I think I'm in love,https://i.redd.it/v9fjn0r4dadz.jpg
TheSpot94,188,http://i.imgur.com/6niyyVC.jpg,15103,A Girl Named Jeb,http://i.imgur.com/6niyyVC.jpg
XyrozUS,90,https://i.redd.it/ny2zcbdnx6iz.jpg,15060,Probably the greatest message I ever received.,https://i.redd.it/ny2zcbdnx6iz.jpg
str8gangsta,196,https://i.redd.it/sudccnwyrvwz.jpg,15044,"Roses are red, being corny is yellow",https://i.redd.it/sudccnwyrvwz.jpg
Schenkspeare,366,http://i.imgur.com/2vt9qfA.jpg,14991,"Jesus, Betty!",http://i.imgur.com/2vt9qfA.jpg
kvispisiano,76,https://i.redd.it/mpixpp4r17oz.jpg,14862,Potassium Intensifies,https://i.redd.it/mpixpp4r17oz.jpg
GoldPandaaa,382,https://i.imgur.com/ZxUa4c1.jpg,14816,I've never been so intimidated before in my life.,https://i.imgur.com/ZxUa4c1.jpg
,262,https://i.redd.it/f3jy74qgmquz.png,14628,I didn't hear back,https://i.redd.it/f3jy74qgmquz.png
nathan3155,256,https://i.redd.it/bv7ydaizcauy.jpg,14482,"Fiscally irresponsible, but worth it",https://i.redd.it/bv7ydaizcauy.jpg
blizeH,108,https://i.imgur.com/Of4S7Db.png,14422,a b c d e f g,https://i.imgur.com/Of4S7Db.png
XxKillercam519xX,501,https://i.redd.it/l39r3juwl1bz.png,14417,Well then...,https://i.redd.it/l39r3juwl1bz.png
Razzmun,260,http://i.imgur.com/4Eq12T2.jpg,14404,Me on Tinder,http://i.imgur.com/4Eq12T2.jpg
seejay765,446,https://i.redd.it/arsdzzwmsipz.jpg,14373,Effective counter punch,https://i.redd.it/arsdzzwmsipz.jpg
Greybell1,146,https://i.redd.it/aooelvmtjqlz.png,14124,I thought it was pretty funny,https://i.redd.it/aooelvmtjqlz.png
fentonthehuman,275,http://i.imgur.com/zmJyB7s.jpg,14087,Kember!,http://i.imgur.com/zmJyB7s.jpg
burnafterreading91,561,http://i.imgur.com/ojxdGXn.png,13869,"Oh, okay then...",http://i.imgur.com/ojxdGXn.png
notaninterestinguser,297,https://i.redd.it/j5pmwe2hhegz.png,13751,I think I misread the situation...,https://i.redd.it/j5pmwe2hhegz.png
crazyphilicstippling,203,https://i.redd.it/cc6ft4bxpjcz.jpg,13710,"Well, I wasn't expecting that one...",https://i.redd.it/cc6ft4bxpjcz.jpg
FuckApathy,194,http://i.imgur.com/g4ve9Wh.jpg,13704,Just one photo,http://i.imgur.com/g4ve9Wh.jpg
jamesp_white,206,https://i.redd.it/xn00yhbfswiz.jpg,13695,Why did this work,https://i.redd.it/xn00yhbfswiz.jpg
NfsJake,470,http://i.imgur.com/pyddZcw.png,13629,Not the answer I was expecting,http://i.imgur.com/pyddZcw.png
memelord1994,152,https://i.redd.it/q6od1mssxjaz.jpg,13616,I've got a better idea Anna.,https://i.redd.it/q6od1mssxjaz.jpg
MintySquinty,534,https://i.redd.it/5huki0fs3dpy.jpg,13460,When teen boys have more empathy than women on Tinder.,https://i.redd.it/5huki0fs3dpy.jpg
DumbDonky007,252,https://i.redd.it/9i3e7kvfkgxz.jpg,13431,Oopsdidntmeanto,https://i.redd.it/9i3e7kvfkgxz.jpg
dont-steal_my-noodle,684,http://i.imgur.com/1EHrYCX.jpg,13248,What to do when you accidentally swipe right on Tinder,http://i.imgur.com/1EHrYCX.jpg
disaccharides,194,https://i.redd.it/xz7f1m5ldjez.jpg,13217,I love awful puns,https://i.redd.it/xz7f1m5ldjez.jpg
DystryR,205,https://i.redd.it/c20023rtuw1z.jpg,13151,Witty profile,https://i.redd.it/c20023rtuw1z.jpg
PenitentiaryChances,120,http://i.imgur.com/H6zZ0Hu.jpg,13009,Vegan?,http://i.imgur.com/H6zZ0Hu.jpg
xXrenXx1993,111,https://i.redd.it/a12j235mtapz.jpg,12894,"Guy tried to hit on my friend, didnâ€™t go well",https://i.redd.it/a12j235mtapz.jpg
lordbender_667,94,http://i.imgur.com/Ax455qi.jpg,12861,Dammit which one is it?,http://i.imgur.com/Ax455qi.jpg
Hadditor,774,http://i.imgur.com/jE1G03e.png,12830,My first ever match,http://i.imgur.com/jE1G03e.png
Fieldweeble,487,http://i.imgur.com/DxouZBy.jpg,12729,My sister delivered again,http://i.imgur.com/DxouZBy.jpg
AdventurePee,583,http://i.imgur.com/ztrCGA8.png,12715,This is even more painful because I used to have a crush on her...,http://i.imgur.com/ztrCGA8.png
aash25dec,356,https://i.redd.it/717cdkufjrtz.jpg,12714,Best advice for a tourist,https://i.redd.it/717cdkufjrtz.jpg
skysquatch,1529,https://i.redd.it/teqsxzlrdf2z.jpg,12699,Let's rumble,https://i.redd.it/teqsxzlrdf2z.jpg
neosimmel,166,https://i.redd.it/vmhk7d40la7z.jpg,12659,You can see in his glasses that the girl thought he was taking a picture of her.,https://i.redd.it/vmhk7d40la7z.jpg
BigBadMuffin,521,https://i.redd.it/q7x09qphgnyy.jpg,12558,Tinder's long awaited feature,https://i.redd.it/q7x09qphgnyy.jpg
vraf003,892,https://i.redd.it/rsq6acxbowpy.jpg,12532,This one is special.,https://i.redd.it/rsq6acxbowpy.jpg
Tbyte49,164,https://i.redd.it/jgfj2g5zoz7z.png,12487,"Guys, I found the one",https://i.redd.it/jgfj2g5zoz7z.png
,225,https://i.redd.it/h5mi0ieenlty.jpg,12441,"Never change, Nick",https://i.redd.it/h5mi0ieenlty.jpg
tectubedk,133,https://i.redd.it/4lf2usngrryz.png,12338,Sometimes you just need to up your tinder game,https://i.redd.it/4lf2usngrryz.png
ImZephyr,692,https://i.redd.it/mdetxpmy0cfx.jpg,12246,Literally a golddigger,https://i.redd.it/mdetxpmy0cfx.jpg
finmair32,318,https://i.redd.it/jks5i5zh2pmz.jpg,12208,I thought this was really wholesome and sweet,https://i.redd.it/jks5i5zh2pmz.jpg
ColeTK,148,https://i.redd.it/vgzaort8ko8z.png,12143,I like museums,https://i.redd.it/vgzaort8ko8z.png
lannomax,228,https://i.redd.it/jij9840svqvz.jpg,12113,She wanted a name pun,https://i.redd.it/jij9840svqvz.jpg
astrocolor,160,https://i.redd.it/qxvec7icf2iz.jpg,12031,A man with high standards,https://i.redd.it/qxvec7icf2iz.jpg
Zeke1902,424,https://i.redd.it/74jgf9wjul2z.png,12015,Height doesn't matter...,https://i.redd.it/74jgf9wjul2z.png
pnsDeMilo,268,https://i.redd.it/guup5sw4cohz.jpg,11730,Still DP isn't it ?,https://i.redd.it/guup5sw4cohz.jpg
dudefromvenice,315,http://i.imgur.com/O5xwxAE.jpg,11668,Drunk tinder game is on point.,http://i.imgur.com/O5xwxAE.jpg
threshforever,324,https://i.redd.it/niyzjli048uz.jpg,11519,Oddly we didnâ€™t hit it off,https://i.redd.it/niyzjli048uz.jpg
electric_six,434,https://i.redd.it/54uhottai0kx.jpg,11507,I didn't feel like eating Italian today...,https://i.redd.it/54uhottai0kx.jpg
AceTrainerAdam,98,https://i.redd.it/cl5k77hwulnz.jpg,11452,Let's play a game....,https://i.redd.it/cl5k77hwulnz.jpg
Deuce4Heisman,148,https://i.redd.it/zze07mzwjlrz.jpg,11450,Hey...,https://i.redd.it/zze07mzwjlrz.jpg
frame_game,127,http://i.imgur.com/ZZpSZnf.jpg,11395,This Sign Outside My Local Bar,http://i.imgur.com/ZZpSZnf.jpg
ReactSimply,470,https://i.redd.it/uc00xus56m3z.jpg,11392,I value honesty like this.,https://i.redd.it/uc00xus56m3z.jpg
hautsy,167,https://i.redd.it/xqsynokdp48z.jpg,11361,magic sex,https://i.redd.it/xqsynokdp48z.jpg
kp995,300,https://i.redd.it/yzhcst20ppyz.png,11297,Dr Disrespect pick up lines???,https://i.redd.it/yzhcst20ppyz.png
atomgraze,432,http://i.imgur.com/sxW4qft.png,11290,"When in doubt, pop this question.",http://i.imgur.com/sxW4qft.png
IllIDANIllI,671,http://i.imgur.com/zObzup6.png,11291,Tinder down in the states is something else,http://i.imgur.com/zObzup6.png
iamsodavid,534,https://i.redd.it/oj2dmofkc5wy.jpg,11172,Am I the idiot here?,https://i.redd.it/oj2dmofkc5wy.jpg
PoopEater10,129,https://i.redd.it/53i3nklusoxz.jpg,11170,The quickest way to get a pun is to tell me not to do a pun,https://i.redd.it/53i3nklusoxz.jpg
TheKrakenSkulls,680,https://i.redd.it/g6a1ivr0zyly.jpg,11163,Hmmmm you could have fooled me,https://i.redd.it/g6a1ivr0zyly.jpg
Orangeskill,733,https://i.imgur.com/eA149PC.png,11113,Send me $5 and see what happens.,https://i.imgur.com/eA149PC.png
Fafaffys,363,http://i.imgur.com/Vssswh0.png,10989,"20 reasons to unmatch someone, #7 will shock you!",http://i.imgur.com/Vssswh0.png
Enrique8123,104,https://i.redd.it/xhwoq21kpg3z.jpg,10954,Not On my watch,https://i.redd.it/xhwoq21kpg3z.jpg
thestewish,183,https://i.redd.it/sglcwo7m9rzz.jpg,10894,I genuinely couldnâ€™t help myself,https://i.redd.it/sglcwo7m9rzz.jpg
nxbir,175,https://i.imgur.com/pP5I9yT.jpg,10794,Mutual exclusivity is a bitch,https://i.imgur.com/pP5I9yT.jpg
ajo822,303,https://i.redd.it/liamc2xcwtfy.png,10788,She Knows How to Play the Tinder-in-China Market,https://i.redd.it/liamc2xcwtfy.png
beepbeepsean,151,http://i.imgur.com/7u58rVk.jpg,10681,It's a dominance thing,http://i.imgur.com/7u58rVk.jpg
Negrodamu55,216,https://i.redd.it/tw2fy4jdb4oy.png,10665,"When I saw those ""give me $5"" profiles, I got the idea for the greatest response.",https://i.redd.it/tw2fy4jdb4oy.png
shockey536,66,https://i.redd.it/gho1n4dg7gcz.jpg,10630,Rupsi,https://i.redd.it/gho1n4dg7gcz.jpg
sickfamlol,466,https://i.redd.it/fb85zp5zj03z.jpg,10585,time to delete this app again,https://i.redd.it/fb85zp5zj03z.jpg
Draxare,188,https://i.redd.it/9aibdwp7d5yy.jpg,10538,A good compromise.,https://i.redd.it/9aibdwp7d5yy.jpg
DailyBrainGain,153,https://i.redd.it/zrxbpmp5i2ey.jpg,10504,Seems to be a bit of a contradiction,https://i.redd.it/zrxbpmp5i2ey.jpg
Geniifarmer,194,https://i.imgur.com/eOgv3Wi.jpg,10473,They ainâ€™t played nobody pawwwl,https://i.imgur.com/eOgv3Wi.jpg
scurvy_mango,243,https://i.redd.it/5rk8vv9y0kiz.jpg,10450,Thugga taught me well.,https://i.redd.it/5rk8vv9y0kiz.jpg
deekay_,412,http://i.imgur.com/G5kMzgZ.jpg,10392,"So my friend wanted to know why girls never wanted to hookup with him, so I took a look at his tinder game",http://i.imgur.com/G5kMzgZ.jpg
bronteninness,139,https://i.redd.it/sa42cp4kx4xz.jpg,10357,Fell right into the trap,https://i.redd.it/sa42cp4kx4xz.jpg
khoyen,977,https://i.redd.it/rn0gcyo5c4vz.jpg,10136,The difference between American and Vietnamese girls on Tinder..,https://i.redd.it/rn0gcyo5c4vz.jpg
ThePantsThief,543,https://i.redd.it/0pdfbf9zfdzz.jpg,10132,Alrighty then,https://i.redd.it/0pdfbf9zfdzz.jpg
NumbahFour,378,https://i.redd.it/lrxcei1blwfz.jpg,10090,The balls in her court now,https://i.redd.it/lrxcei1blwfz.jpg
darknessdivine,236,https://i.redd.it/lzre1pgwzcry.jpg,10047,Original bio that I can stand by...,https://i.redd.it/lzre1pgwzcry.jpg
disgraced_salaryman,150,https://i.redd.it/mz4yi6rw16kz.png,10027,"Use a shitty opener, get a shitty joke",https://i.redd.it/mz4yi6rw16kz.png
PM_ME_DISCWORLD,205,https://i.redd.it/tslazafm63ez.jpg,9981,I like the way this one thinks,https://i.redd.it/tslazafm63ez.jpg
Sheldonconch,140,https://i.redd.it/4u067k6vo61z.png,9796,Her name is Britta,https://i.redd.it/4u067k6vo61z.png
Dr_Drizzle,270,http://i.imgur.com/5K3ce3X.png,9723,Rules 1 and 2...,http://i.imgur.com/5K3ce3X.png
mustythrowaway,347,http://i.imgur.com/VV60ABS.png,9711,"REEEEEALLY dropped the ball on this one. You're welcome, random stranger",http://i.imgur.com/VV60ABS.png
TheStormers,97,https://i.redd.it/1wkm6xl1zljz.jpg,9646,Romantic pickup line. Honest comeback.,https://i.redd.it/1wkm6xl1zljz.jpg
KingBean9805,822,https://i.redd.it/iildcjmz2o9z.jpg,9543,To hell with double standards,https://i.redd.it/iildcjmz2o9z.jpg
MrBrownBubbles,313,https://i.redd.it/g91n1zh7qygx.png,9446,You're to generous,https://i.redd.it/g91n1zh7qygx.png
Saffro,198,https://i.redd.it/cc8rzr1ov5my.jpg,9402,I think I'm being hit on by a subreddit simulator,https://i.redd.it/cc8rzr1ov5my.jpg
RangerKills,103,https://i.redd.it/2e1k1xwe4knx.png,9296,Not all puns are created equal,https://i.redd.it/2e1k1xwe4knx.png
Codith96,206,https://i.redd.it/12ay1lyo395z.jpg,9230,Harry Potter will always woo the ladies,https://i.redd.it/12ay1lyo395z.jpg
AndySucksss,226,https://i.redd.it/0jhk4xc55jvz.jpg,9222,What's the age rating on the new COD?,https://i.redd.it/0jhk4xc55jvz.jpg
GKrollin,329,https://i.redd.it/4pczrad8d16x.png,9190,Why I can't do Tinder anymore,https://i.redd.it/4pczrad8d16x.png
Young-Lau,185,https://i.redd.it/nsh3vg5ifjqy.jpg,9186,This actually worked?,https://i.redd.it/nsh3vg5ifjqy.jpg
Neokilla,143,https://i.imgur.com/mG0uqmY.png,9178,That worked well,https://i.imgur.com/mG0uqmY.png
pinheadlarry38,293,http://i.imgur.com/WkOmSY8.jpg,9174,When you try to recreate that cool dating game you saw last week but her thirst gets in the way,http://i.imgur.com/WkOmSY8.jpg
jorgeselva,177,http://i.imgur.com/wdyA4ci.jpg,9069,Her profile said send me an emoji that shows what you think about me,http://i.imgur.com/wdyA4ci.jpg
KSolita,449,https://i.redd.it/szuyulx7pvmz.png,9067,Yeah it's creepy. When a dude that you swiped left tracks you down and finds you on Facebook...,https://i.redd.it/szuyulx7pvmz.png
jearredo,147,https://i.redd.it/lwndzdzur7ry.png,8809,Figured I would jump on the United Airlines hype train,https://i.redd.it/lwndzdzur7ry.png
JaySpike,230,http://i.imgur.com/uXKmqR1.jpg,8799,I did a thing!,http://i.imgur.com/uXKmqR1.jpg
FlyingFucksForSale,807,https://i.imgur.com/TWL7uf7.png,8781,WRKD,https://i.imgur.com/TWL7uf7.png
50thycal,131,https://i.redd.it/bdfnwnaycnrz.jpg,8733,Three days later and still waiting for a reply,https://i.redd.it/bdfnwnaycnrz.jpg
DanguhLange,231,https://i.redd.it/v9xsn60y9vyz.jpg,8714,"Well, that escalated quickly",https://i.redd.it/v9xsn60y9vyz.jpg
jrev49,69,https://i.redd.it/tqhvrwkifpiy.jpg,8668,"Wawawewa, great success!",https://i.redd.it/tqhvrwkifpiy.jpg
iqf,275,http://i.imgur.com/Vtt9jm8.png,8615,"ABC, 123, baby you and me girl",http://i.imgur.com/Vtt9jm8.png
texas_weather,150,https://i.redd.it/l8ssh00isbez.png,8578,Summer of George!,https://i.redd.it/l8ssh00isbez.png
olyroo94,149,https://i.redd.it/zqlsm54xvr2z.jpg,8565,Well that's a relief...,https://i.redd.it/zqlsm54xvr2z.jpg
epicsaxman13,163,http://i.imgur.com/JfgaKLd.jpg,8530,TEN TICKLES!,http://i.imgur.com/JfgaKLd.jpg
fromthepharcyde,119,http://i.imgur.com/TCqSdWa.jpg,8517,The FRANK System,http://i.imgur.com/TCqSdWa.jpg
rwgirl0217,119,https://i.redd.it/7w71iyxfb8sz.jpg,8487,"Bears, Beats, Battlestar, Galactica!",https://i.redd.it/7w71iyxfb8sz.jpg
thomasthehypetrain,189,https://i.redd.it/5qzd5d4n3zjz.jpg,8445,Gotta hand it to this girl's great sense of humor!,https://i.redd.it/5qzd5d4n3zjz.jpg
perthis,44,https://i.redd.it/1rpbqp0resjz.jpg,8443,Not much of a TV guy myself...,https://i.redd.it/1rpbqp0resjz.jpg
Truly_Baz,344,https://i.redd.it/dx62i7jy77jy.jpg,8398,"For nervous guys, saying this phrase will 99% get the 2 of you talking!",https://i.redd.it/dx62i7jy77jy.jpg
YeahIFuckinToadASo,430,https://i.redd.it/att3irohr75y.jpg,8322,A dad helps me dodge a bullet,https://i.redd.it/att3irohr75y.jpg
JV19,147,http://i.imgur.com/0N5ychO.png,8331,How stat majors pick up girls,http://i.imgur.com/0N5ychO.png
mololster,155,http://i.imgur.com/plhJ3Gx.jpg,8324,She unmatched me :(,http://i.imgur.com/plhJ3Gx.jpg
atheistnumberone,70,https://i.redd.it/7b4k4e68oyoy.png,8202,I'll be your milk man,https://i.redd.it/7b4k4e68oyoy.png
,508,http://i.imgur.com/giUrm4V.png?1,8177,"A lot of girls on Tinder seem to talk a lot about not wanting ""beta"" men. Decided to update my bio accordingly to show that I am indeed an alpha.",http://i.imgur.com/giUrm4V.png?1
coleworld37,349,http://i.imgur.com/cVo73Hw.jpg,8101,Rekt,http://i.imgur.com/cVo73Hw.jpg
anthoartu,328,https://i.redd.it/5xylx37cz3qz.jpg,8010,Mildred is a winner.,https://i.redd.it/5xylx37cz3qz.jpg
crashlikethunder,272,https://i.redd.it/9du1xg5j943z.jpg,8006,The gentlemen's move,https://i.redd.it/9du1xg5j943z.jpg
TheMooseDefiler,193,https://i.redd.it/m4hkubov4wuz.jpg,7966,Am I doing it right?,https://i.redd.it/m4hkubov4wuz.jpg
milhouse21386,167,http://i.imgur.com/BuQoMFS.jpg,7944,That sneaky bastard is at it again!,http://i.imgur.com/BuQoMFS.jpg
Kristabean321,324,https://i.redd.it/2fmnqm10zowz.jpg,7899,Big ego,https://i.redd.it/2fmnqm10zowz.jpg
telleto,134,http://i.imgur.com/8lE7o3z.jpg?1,7801,"Maybe if I get her to the front page again, she'll go out with me.",http://i.imgur.com/8lE7o3z.jpg?1
DonnieFatso,261,http://i.imgur.com/oESydaa.png?1,7796,I'm in love,http://i.imgur.com/oESydaa.png?1
Life_with_reddit,897,http://i.imgur.com/pQsDK2o.png,7765,"3'6 male 320k salary, seeking Blunt Feminst Liberal",http://i.imgur.com/pQsDK2o.png
calamitousyob,276,https://i.redd.it/n76qqv4uywux.png,7750,Her profile said she's a musicologist..,https://i.redd.it/n76qqv4uywux.png
urneighborshousemaid,105,https://i.redd.it/4whz1o04kjny.jpg,7717,Animal Pictures,https://i.redd.it/4whz1o04kjny.jpg
freezeman1,244,https://imgur.com/QNAcFAq.jpg,7702,You can't hoard puffles in your igloo on tinder.,https://imgur.com/QNAcFAq.jpg
Auphor_Phaksache,488,https://i.redd.it/xiwjxb8t31wx.jpg,7693,Hit em with the facts,https://i.redd.it/xiwjxb8t31wx.jpg
traddaddys_princess,119,https://i.redd.it/x2hvxqggtl7z.jpg,7679,Honesty is the best policy.,https://i.redd.it/x2hvxqggtl7z.jpg
Not_Brandon_,94,https://i.redd.it/8t08kk0nhqhz.jpg,7671,Dad jokes get the girls,https://i.redd.it/8t08kk0nhqhz.jpg
TheBigShot1,259,https://i.redd.it/9elhqidmzthz.png,7630,Putting them in their place,https://i.redd.it/9elhqidmzthz.png
420Batman,114,http://i.imgur.com/XKyqTVr.png,7579,Too Forward? I Can Fix That,http://i.imgur.com/XKyqTVr.png
JoeFalchetto,398,https://i.redd.it/k2a79qlxcbqy.jpg,7544,She made me an offer I couldn't refuse,https://i.redd.it/k2a79qlxcbqy.jpg
FrankAtlantis,369,https://i.redd.it/jxwg891mc6ny.jpg,7522,don't you miss college?,https://i.redd.it/jxwg891mc6ny.jpg
mdg197,226,https://i.redd.it/pfta1s03wsny.jpg,7526,"Guys, this actually worked!",https://i.redd.it/pfta1s03wsny.jpg
DownvoteIfuLuvHitler,159,http://i.imgur.com/Bof3zdH.jpg,7481,"Maybe Tinder will bring the peace? (x-post, r/lebanon)",http://i.imgur.com/Bof3zdH.jpg
Rdunklee,145,http://i.imgur.com/G3iEUJI.jpg,7443,I tried a pick up line from here on /r/tinder. I was outdone.,http://i.imgur.com/G3iEUJI.jpg
ohmysocks,147,http://i.imgur.com/ZSTKxJX.png,7424,Persistence,http://i.imgur.com/ZSTKxJX.png
Bluedigg,129,https://i.redd.it/ypo2dw1opyzy.jpg,7427,"""Caw caw""",https://i.redd.it/ypo2dw1opyzy.jpg
Hijkr,110,http://i.imgur.com/1FiFWPu.png,7396,Ummm...,http://i.imgur.com/1FiFWPu.png
_ice_man_,476,https://i.redd.it/v90q12xd3gyz.jpg,7377,Sometimes you have to bring them back to reality,https://i.redd.it/v90q12xd3gyz.jpg
notatadbad,198,http://i.imgur.com/tJtOC6l.jpg,7355,Unmatched in record time,http://i.imgur.com/tJtOC6l.jpg
areaevolution,169,http://i.imgur.com/HlGQr4E.png,7351,How much does a polar bear weigh?,http://i.imgur.com/HlGQr4E.png
vrphotosguy55,1010,http://i.imgur.com/mhyuJEy.png,7348,Women and their list of demands,http://i.imgur.com/mhyuJEy.png
redcoat12,111,https://i.redd.it/weetntx2pgbz.jpg,7332,call 911,https://i.redd.it/weetntx2pgbz.jpg
tilunaxo,343,http://i.imgur.com/HduQ9gq.jpg,7275,"I think I finally developed a solid bio. Thanks, r/tinder",http://i.imgur.com/HduQ9gq.jpg
ThatGuyNamedRey,755,http://i.imgur.com/1lZeRkT.jpg,7196,"""I bet you voted for trump""",http://i.imgur.com/1lZeRkT.jpg
ILoveTheColourYellow,116,http://i.imgur.com/isvs5Zb.png,7195,God speed you mad bastard.,http://i.imgur.com/isvs5Zb.png
Ohlala-,304,http://imgur.com/fwrakr2.jpg,7153,10/10 would date her.,http://imgur.com/fwrakr2.jpg
zachmartin20,252,http://i.imgur.com/UKt62WZ.jpg,7132,Flags so red Russia is jealous,http://i.imgur.com/UKt62WZ.jpg
gintherthegreat,297,https://i.redd.it/t4kfjmhgvvky.jpg,7076,Jackpot...?,https://i.redd.it/t4kfjmhgvvky.jpg
Fuckyeahpugs,158,https://i.redd.it/jyss7ykea6qx.png,7034,Sue of side is no laughing matter,https://i.redd.it/jyss7ykea6qx.png
Tyrinder,100,http://i.imgur.com/vFy2Ybo.png,7000,I love second chances,http://i.imgur.com/vFy2Ybo.png
ryandinho14,102,http://i.imgur.com/FM8yznk.png,6985,No response yet.,http://i.imgur.com/FM8yznk.png
Irrissann,396,https://i.redd.it/2pkqor3o4gwy.jpg,6971,"My bio says ""will make pizza for attention"". Finally worked.",https://i.redd.it/2pkqor3o4gwy.jpg
potatopanic,230,https://i.redd.it/176mz4ugfmuy.jpg,6971,Who says swimmers aren't talented,https://i.redd.it/176mz4ugfmuy.jpg
SatchBoogie1,158,https://i.redd.it/a9fbkr6x9f8x.png,6901,Too Young,https://i.redd.it/a9fbkr6x9f8x.png
stephaniesparkles,119,https://i.redd.it/5q6x01vfld8z.jpg,6788,Dad?,https://i.redd.it/5q6x01vfld8z.jpg
Reedobandito,118,http://i.imgur.com/M1VJ7sG.png,6760,So my buddy sent some farewell messages before he quit Tinder...,http://i.imgur.com/M1VJ7sG.png
mazalthan,1166,http://i.imgur.com/uA5mEFb.png,6763,"Tinder CEO: ""So, the new features are pretty well received."" *crickets*",http://i.imgur.com/uA5mEFb.png
BullshitAnswer,444,http://i.imgur.com/9AKACuq.png,6746,I just got 'Netflix and chill'd. I'm a dude.,http://i.imgur.com/9AKACuq.png
shmii13,129,http://i.imgur.com/8ZK52qU.jpg,6730,Think she might be onto something //edit,http://i.imgur.com/8ZK52qU.jpg
TomassoLP,164,https://i.redd.it/5o01vi63gf9y.jpg,6717,One in Emmallion,https://i.redd.it/5o01vi63gf9y.jpg
